"Landscape","Transect","Scientific.Name","Taxon.Rank"
"SimForest","T01","Bronchocela cristatella","Species"
"SimForest","T01","Bronchocela cristatella","Species"
"SimForest","T01","Bronchocela cristatella","Species"
"SimForest","T01","Bronchocela cristatella","Species"
"SimForest","T01","Bronchocela cristatella","Species"
"SimForest","T01","Bronchocela cristatella","Species"
"SimForest","T01","Bronchocela cristatella","Species"
"SimForest","T01","Bronchocela cristatella","Species"
"SimForest","T01","Bronchocela cristatella","Species"
"SimForest","T01","Bronchocela cristatella","Species"
"SimForest","T01","Bronchocela cristatella","Species"
"SimForest","T01","Draco volans","Species"
"SimForest","T01","Draco volans","Species"
"SimForest","T01","Draco volans","Species"
"SimForest","T01","Draco volans","Species"
"SimForest","T01","Draco volans","Species"
"SimForest","T01","Draco volans","Species"
"SimForest","T01","Draco volans","Species"
"SimForest","T01","Draco volans","Species"
"SimForest","T01","Draco volans","Species"
"SimForest","T01","Draco volans","Species"
"SimForest","T01","Draco volans","Species"
"SimForest","T01","Draco volans","Species"
"SimForest","T01","Draco volans","Species"
"SimForest","T01","Draco volans","Species"
"SimForest","T01","Draco volans","Species"
"SimForest","T01","Draco volans","Species"
"SimForest","T01","Draco volans","Species"
"SimForest","T01","Gonocephalus liogaster","Species"
"SimForest","T01","Gonocephalus liogaster","Species"
"SimForest","T01","Gonocephalus liogaster","Species"
"SimForest","T01","Gonocephalus liogaster","Species"
"SimForest","T01","Gonocephalus liogaster","Species"
"SimForest","T01","Gonocephalus liogaster","Species"
"SimForest","T01","Gonocephalus liogaster","Species"
"SimForest","T01","Varanus salvator","Species"
"SimForest","T01","Varanus salvator","Species"
"SimForest","T01","Varanus salvator","Species"
"SimForest","T01","Varanus salvator","Species"
"SimForest","T01","Varanus salvator","Species"
"SimForest","T01","Varanus salvator","Species"
"SimForest","T01","Varanus salvator","Species"
"SimForest","T01","Varanus salvator","Species"
"SimForest","T01","Varanus salvator","Species"
"SimForest","T01","Varanus salvator","Species"
"SimForest","T01","Varanus salvator","Species"
"SimForest","T01","Varanus salvator","Species"
"SimForest","T01","Varanus salvator","Species"
"SimForest","T01","Cyrtodactylus consobrinus","Species"
"SimForest","T01","Cyrtodactylus consobrinus","Species"
"SimForest","T01","Cyrtodactylus consobrinus","Species"
"SimForest","T01","Cyrtodactylus consobrinus","Species"
"SimForest","T01","Cyrtodactylus consobrinus","Species"
"SimForest","T01","Calotes versicolor","Species"
"SimForest","T01","Calotes versicolor","Species"
"SimForest","T01","Calotes versicolor","Species"
"SimForest","T01","Ptychozoon kuhli","Species"
"SimForest","T01","Ptychozoon kuhli","Species"
"SimForest","T01","Ptychozoon kuhli","Species"
"SimForest","T01","Ptychozoon kuhli","Species"
"SimForest","T01","Ptychozoon kuhli","Species"
"SimForest","T01","Ptychozoon kuhli","Species"
"SimForest","T01","Ptychozoon kuhli","Species"
"SimForest","T01","Ptychozoon kuhli","Species"
"SimForest","T01","Ptychozoon kuhli","Species"
"SimForest","T01","Limnonectes kuhlii","Species"
"SimForest","T01","Limnonectes kuhlii","Species"
"SimForest","T01","Limnonectes kuhlii","Species"
"SimForest","T01","Limnonectes kuhlii","Species"
"SimForest","T01","Limnonectes kuhlii","Species"
"SimForest","T01","Limnonectes kuhlii","Species"
"SimForest","T01","Polypedates leucomystax","Species"
"SimForest","T01","Polypedates leucomystax","Species"
"SimForest","T01","Polypedates leucomystax","Species"
"SimForest","T01","Polypedates leucomystax","Species"
"SimForest","T01","Polypedates leucomystax","Species"
"SimForest","T01","Polypedates leucomystax","Species"
"SimForest","T01","Rhacophorus reinwardtii","Species"
"SimForest","T01","Rhacophorus reinwardtii","Species"
"SimForest","T01","Rhacophorus reinwardtii","Species"
"SimForest","T01","Rhacophorus reinwardtii","Species"
"SimForest","T01","Rhacophorus reinwardtii","Species"
"SimForest","T01","Rhacophorus reinwardtii","Species"
"SimForest","T01","Rhacophorus reinwardtii","Species"
"SimForest","T01","Rhacophorus reinwardtii","Species"
"SimForest","T01","Megophrys nasuta","Species"
"SimForest","T01","Megophrys nasuta","Species"
"SimForest","T01","Megophrys nasuta","Species"
"SimForest","T01","Megophrys nasuta","Species"
"SimForest","T01","Megophrys nasuta","Species"
"SimForest","T01","Megophrys nasuta","Species"
"SimForest","T01","Megophrys nasuta","Species"
"SimForest","T01","Megophrys nasuta","Species"
"SimForest","T01","Megophrys nasuta","Species"
"SimForest","T01","Megophrys nasuta","Species"
"SimForest","T01","Megophrys nasuta","Species"
"SimForest","T01","Megophrys nasuta","Species"
"SimForest","T01","Megophrys nasuta","Species"
"SimForest","T01","Duttaphrynus melanostictus","Species"
"SimForest","T01","Duttaphrynus melanostictus","Species"
"SimForest","T01","Duttaphrynus melanostictus","Species"
"SimForest","T01","Python reticulatus","Species"
"SimForest","T01","Ahaetulla prasina","Species"
"SimForest","T01","Ahaetulla prasina","Species"
"SimForest","T01","Ahaetulla prasina","Species"
"SimForest","T01","Ahaetulla prasina","Species"
"SimForest","T01","Ahaetulla prasina","Species"
"SimForest","T01","Ahaetulla prasina","Species"
"SimForest","T01","Ahaetulla prasina","Species"
"SimForest","T01","Ahaetulla prasina","Species"
"SimForest","T01","Ahaetulla prasina","Species"
"SimForest","T01","Ahaetulla prasina","Species"
"SimForest","T01","Ahaetulla prasina","Species"
"SimForest","T01","Boiga dendrophila","Species"
"SimForest","T01","Tropidolaemus wagleri","Species"
"SimForest","T01","Tropidolaemus wagleri","Species"
"SimForest","T01","Tropidolaemus wagleri","Species"
"SimForest","T01","Tropidolaemus wagleri","Species"
"SimForest","T01","Tropidolaemus wagleri","Species"
"SimForest","T01","Tropidolaemus wagleri","Species"
"SimForest","T01","Tropidolaemus wagleri","Species"
"SimForest","T01","Naja sputatrix","Species"
"SimForest","T01","Naja sputatrix","Species"
"SimForest","T01","Naja sputatrix","Species"
"SimForest","T01","Naja sputatrix","Species"
"SimForest","T01","Naja sputatrix","Species"
"SimForest","T01","Chalcorana raniceps","Species"
"SimForest","T01","Chalcorana raniceps","Species"
"SimForest","T01","Chalcorana raniceps","Species"
"SimForest","T01","Chalcorana raniceps","Species"
"SimForest","T01","Chalcorana raniceps","Species"
"SimForest","T01","Chalcorana raniceps","Species"
"SimForest","T01","Chalcorana raniceps","Species"
"SimForest","T01","Chalcorana raniceps","Species"
"SimForest","T01","Chalcorana raniceps","Species"
"SimForest","T01","Gekko gecko","Species"
"SimForest","T01","Gekko gecko","Species"
"SimForest","T01","Gekko gecko","Species"
"SimForest","T01","Gekko gecko","Species"
"SimForest","T01","Gekko gecko","Species"
"SimForest","T01","Gekko gecko","Species"
"SimForest","T01","Gekko gecko","Species"
"SimForest","T01","Gekko gecko","Species"
"SimForest","T01","Gekko gecko","Species"
"SimForest","T01","Gekko gecko","Species"
"SimForest","T01","Gekko gecko","Species"
"SimForest","T01","Eutropis multifasciata","Species"
"SimForest","T01","Eutropis multifasciata","Species"
"SimForest","T01","Eutropis multifasciata","Species"
"SimForest","T01","Eutropis multifasciata","Species"
"SimForest","T01","Eutropis multifasciata","Species"
"SimForest","T01","Eutropis multifasciata","Species"
"SimForest","T01","Eutropis multifasciata","Species"
"SimForest","T01","Eutropis multifasciata","Species"
"SimForest","T01","Eutropis multifasciata","Species"
"SimForest","T02","Bronchocela cristatella","Species"
"SimForest","T02","Bronchocela cristatella","Species"
"SimForest","T02","Bronchocela cristatella","Species"
"SimForest","T02","Bronchocela cristatella","Species"
"SimForest","T02","Bronchocela cristatella","Species"
"SimForest","T02","Bronchocela cristatella","Species"
"SimForest","T02","Bronchocela cristatella","Species"
"SimForest","T02","Bronchocela cristatella","Species"
"SimForest","T02","Bronchocela cristatella","Species"
"SimForest","T02","Bronchocela cristatella","Species"
"SimForest","T02","Draco volans","Species"
"SimForest","T02","Draco volans","Species"
"SimForest","T02","Draco volans","Species"
"SimForest","T02","Draco volans","Species"
"SimForest","T02","Draco volans","Species"
"SimForest","T02","Draco volans","Species"
"SimForest","T02","Draco volans","Species"
"SimForest","T02","Draco volans","Species"
"SimForest","T02","Draco volans","Species"
"SimForest","T02","Draco volans","Species"
"SimForest","T02","Draco volans","Species"
"SimForest","T02","Draco volans","Species"
"SimForest","T02","Draco volans","Species"
"SimForest","T02","Draco volans","Species"
"SimForest","T02","Gonocephalus liogaster","Species"
"SimForest","T02","Gonocephalus liogaster","Species"
"SimForest","T02","Gonocephalus liogaster","Species"
"SimForest","T02","Varanus salvator","Species"
"SimForest","T02","Varanus salvator","Species"
"SimForest","T02","Varanus salvator","Species"
"SimForest","T02","Varanus salvator","Species"
"SimForest","T02","Varanus salvator","Species"
"SimForest","T02","Varanus salvator","Species"
"SimForest","T02","Varanus salvator","Species"
"SimForest","T02","Varanus salvator","Species"
"SimForest","T02","Varanus salvator","Species"
"SimForest","T02","Varanus salvator","Species"
"SimForest","T02","Cyrtodactylus consobrinus","Species"
"SimForest","T02","Cyrtodactylus consobrinus","Species"
"SimForest","T02","Cyrtodactylus consobrinus","Species"
"SimForest","T02","Cyrtodactylus consobrinus","Species"
"SimForest","T02","Cyrtodactylus consobrinus","Species"
"SimForest","T02","Calotes versicolor","Species"
"SimForest","T02","Calotes versicolor","Species"
"SimForest","T02","Calotes versicolor","Species"
"SimForest","T02","Calotes versicolor","Species"
"SimForest","T02","Ptychozoon kuhli","Species"
"SimForest","T02","Ptychozoon kuhli","Species"
"SimForest","T02","Ptychozoon kuhli","Species"
"SimForest","T02","Ptychozoon kuhli","Species"
"SimForest","T02","Ptychozoon kuhli","Species"
"SimForest","T02","Ptychozoon kuhli","Species"
"SimForest","T02","Ptychozoon kuhli","Species"
"SimForest","T02","Ptychozoon kuhli","Species"
"SimForest","T02","Ptychozoon kuhli","Species"
"SimForest","T02","Ptychozoon kuhli","Species"
"SimForest","T02","Limnonectes kuhlii","Species"
"SimForest","T02","Limnonectes kuhlii","Species"
"SimForest","T02","Limnonectes kuhlii","Species"
"SimForest","T02","Limnonectes kuhlii","Species"
"SimForest","T02","Limnonectes kuhlii","Species"
"SimForest","T02","Limnonectes kuhlii","Species"
"SimForest","T02","Limnonectes kuhlii","Species"
"SimForest","T02","Limnonectes kuhlii","Species"
"SimForest","T02","Limnonectes kuhlii","Species"
"SimForest","T02","Limnonectes kuhlii","Species"
"SimForest","T02","Limnonectes kuhlii","Species"
"SimForest","T02","Polypedates leucomystax","Species"
"SimForest","T02","Polypedates leucomystax","Species"
"SimForest","T02","Polypedates leucomystax","Species"
"SimForest","T02","Polypedates leucomystax","Species"
"SimForest","T02","Rhacophorus reinwardtii","Species"
"SimForest","T02","Rhacophorus reinwardtii","Species"
"SimForest","T02","Rhacophorus reinwardtii","Species"
"SimForest","T02","Rhacophorus reinwardtii","Species"
"SimForest","T02","Rhacophorus reinwardtii","Species"
"SimForest","T02","Rhacophorus reinwardtii","Species"
"SimForest","T02","Megophrys nasuta","Species"
"SimForest","T02","Megophrys nasuta","Species"
"SimForest","T02","Megophrys nasuta","Species"
"SimForest","T02","Megophrys nasuta","Species"
"SimForest","T02","Megophrys nasuta","Species"
"SimForest","T02","Megophrys nasuta","Species"
"SimForest","T02","Megophrys nasuta","Species"
"SimForest","T02","Megophrys nasuta","Species"
"SimForest","T02","Megophrys nasuta","Species"
"SimForest","T02","Duttaphrynus melanostictus","Species"
"SimForest","T02","Duttaphrynus melanostictus","Species"
"SimForest","T02","Duttaphrynus melanostictus","Species"
"SimForest","T02","Duttaphrynus melanostictus","Species"
"SimForest","T02","Duttaphrynus melanostictus","Species"
"SimForest","T02","Python reticulatus","Species"
"SimForest","T02","Python reticulatus","Species"
"SimForest","T02","Python reticulatus","Species"
"SimForest","T02","Python reticulatus","Species"
"SimForest","T02","Python reticulatus","Species"
"SimForest","T02","Ahaetulla prasina","Species"
"SimForest","T02","Ahaetulla prasina","Species"
"SimForest","T02","Ahaetulla prasina","Species"
"SimForest","T02","Ahaetulla prasina","Species"
"SimForest","T02","Ahaetulla prasina","Species"
"SimForest","T02","Ahaetulla prasina","Species"
"SimForest","T02","Ahaetulla prasina","Species"
"SimForest","T02","Boiga dendrophila","Species"
"SimForest","T02","Boiga dendrophila","Species"
"SimForest","T02","Boiga dendrophila","Species"
"SimForest","T02","Tropidolaemus wagleri","Species"
"SimForest","T02","Tropidolaemus wagleri","Species"
"SimForest","T02","Tropidolaemus wagleri","Species"
"SimForest","T02","Tropidolaemus wagleri","Species"
"SimForest","T02","Naja sputatrix","Species"
"SimForest","T02","Naja sputatrix","Species"
"SimForest","T02","Naja sputatrix","Species"
"SimForest","T02","Chalcorana raniceps","Species"
"SimForest","T02","Chalcorana raniceps","Species"
"SimForest","T02","Chalcorana raniceps","Species"
"SimForest","T02","Chalcorana raniceps","Species"
"SimForest","T02","Chalcorana raniceps","Species"
"SimForest","T02","Chalcorana raniceps","Species"
"SimForest","T02","Gekko gecko","Species"
"SimForest","T02","Gekko gecko","Species"
"SimForest","T02","Eutropis multifasciata","Species"
"SimForest","T02","Eutropis multifasciata","Species"
"SimForest","T02","Eutropis multifasciata","Species"
"SimForest","T02","Eutropis multifasciata","Species"
"SimForest","T02","Eutropis multifasciata","Species"
"SimForest","T03","Bronchocela cristatella","Species"
"SimForest","T03","Bronchocela cristatella","Species"
"SimForest","T03","Bronchocela cristatella","Species"
"SimForest","T03","Bronchocela cristatella","Species"
"SimForest","T03","Bronchocela cristatella","Species"
"SimForest","T03","Draco volans","Species"
"SimForest","T03","Draco volans","Species"
"SimForest","T03","Draco volans","Species"
"SimForest","T03","Gonocephalus liogaster","Species"
"SimForest","T03","Varanus salvator","Species"
"SimForest","T03","Varanus salvator","Species"
"SimForest","T03","Varanus salvator","Species"
"SimForest","T03","Varanus salvator","Species"
"SimForest","T03","Varanus salvator","Species"
"SimForest","T03","Varanus salvator","Species"
"SimForest","T03","Cyrtodactylus consobrinus","Species"
"SimForest","T03","Calotes versicolor","Species"
"SimForest","T03","Calotes versicolor","Species"
"SimForest","T03","Calotes versicolor","Species"
"SimForest","T03","Calotes versicolor","Species"
"SimForest","T03","Calotes versicolor","Species"
"SimForest","T03","Calotes versicolor","Species"
"SimForest","T03","Calotes versicolor","Species"
"SimForest","T03","Ptychozoon kuhli","Species"
"SimForest","T03","Ptychozoon kuhli","Species"
"SimForest","T03","Ptychozoon kuhli","Species"
"SimForest","T03","Ptychozoon kuhli","Species"
"SimForest","T03","Limnonectes kuhlii","Species"
"SimForest","T03","Limnonectes kuhlii","Species"
"SimForest","T03","Limnonectes kuhlii","Species"
"SimForest","T03","Limnonectes kuhlii","Species"
"SimForest","T03","Polypedates leucomystax","Species"
"SimForest","T03","Polypedates leucomystax","Species"
"SimForest","T03","Polypedates leucomystax","Species"
"SimForest","T03","Polypedates leucomystax","Species"
"SimForest","T03","Polypedates leucomystax","Species"
"SimForest","T03","Rhacophorus reinwardtii","Species"
"SimForest","T03","Rhacophorus reinwardtii","Species"
"SimForest","T03","Megophrys nasuta","Species"
"SimForest","T03","Megophrys nasuta","Species"
"SimForest","T03","Megophrys nasuta","Species"
"SimForest","T03","Megophrys nasuta","Species"
"SimForest","T03","Megophrys nasuta","Species"
"SimForest","T03","Megophrys nasuta","Species"
"SimForest","T03","Megophrys nasuta","Species"
"SimForest","T03","Megophrys nasuta","Species"
"SimForest","T03","Megophrys nasuta","Species"
"SimForest","T03","Megophrys nasuta","Species"
"SimForest","T03","Duttaphrynus melanostictus","Species"
"SimForest","T03","Duttaphrynus melanostictus","Species"
"SimForest","T03","Duttaphrynus melanostictus","Species"
"SimForest","T03","Duttaphrynus melanostictus","Species"
"SimForest","T03","Duttaphrynus melanostictus","Species"
"SimForest","T03","Duttaphrynus melanostictus","Species"
"SimForest","T03","Python reticulatus","Species"
"SimForest","T03","Python reticulatus","Species"
"SimForest","T03","Python reticulatus","Species"
"SimForest","T03","Python reticulatus","Species"
"SimForest","T03","Python reticulatus","Species"
"SimForest","T03","Ahaetulla prasina","Species"
"SimForest","T03","Ahaetulla prasina","Species"
"SimForest","T03","Ahaetulla prasina","Species"
"SimForest","T03","Ahaetulla prasina","Species"
"SimForest","T03","Ahaetulla prasina","Species"
"SimForest","T03","Boiga dendrophila","Species"
"SimForest","T03","Boiga dendrophila","Species"
"SimForest","T03","Boiga dendrophila","Species"
"SimForest","T03","Boiga dendrophila","Species"
"SimForest","T03","Tropidolaemus wagleri","Species"
"SimForest","T03","Tropidolaemus wagleri","Species"
"SimForest","T03","Tropidolaemus wagleri","Species"
"SimForest","T03","Tropidolaemus wagleri","Species"
"SimForest","T03","Tropidolaemus wagleri","Species"
"SimForest","T03","Tropidolaemus wagleri","Species"
"SimForest","T03","Tropidolaemus wagleri","Species"
"SimForest","T03","Tropidolaemus wagleri","Species"
"SimForest","T03","Naja sputatrix","Species"
"SimForest","T03","Naja sputatrix","Species"
"SimForest","T03","Naja sputatrix","Species"
"SimForest","T03","Chalcorana raniceps","Species"
"SimForest","T03","Chalcorana raniceps","Species"
"SimForest","T03","Chalcorana raniceps","Species"
"SimForest","T03","Chalcorana raniceps","Species"
"SimForest","T03","Chalcorana raniceps","Species"
"SimForest","T03","Chalcorana raniceps","Species"
"SimForest","T03","Gekko gecko","Species"
"SimForest","T03","Gekko gecko","Species"
"SimForest","T03","Gekko gecko","Species"
"SimForest","T03","Gekko gecko","Species"
"SimForest","T03","Gekko gecko","Species"
"SimForest","T03","Gekko gecko","Species"
"SimForest","T03","Gekko gecko","Species"
"SimForest","T03","Gekko gecko","Species"
"SimForest","T03","Gekko gecko","Species"
"SimForest","T03","Gekko gecko","Species"
"SimForest","T03","Eutropis multifasciata","Species"
"SimForest","T03","Eutropis multifasciata","Species"
"SimForest","T03","Eutropis multifasciata","Species"
"SimForest","T03","Eutropis multifasciata","Species"
"SimForest","T03","Eutropis multifasciata","Species"
"SimForest","T03","Eutropis multifasciata","Species"
"SimForest","T03","Eutropis multifasciata","Species"
"SimForest","T03","Eutropis multifasciata","Species"
"SimForest","T04","Bronchocela cristatella","Species"
"SimForest","T04","Bronchocela cristatella","Species"
"SimForest","T04","Bronchocela cristatella","Species"
"SimForest","T04","Bronchocela cristatella","Species"
"SimForest","T04","Bronchocela cristatella","Species"
"SimForest","T04","Bronchocela cristatella","Species"
"SimForest","T04","Bronchocela cristatella","Species"
"SimForest","T04","Bronchocela cristatella","Species"
"SimForest","T04","Bronchocela cristatella","Species"
"SimForest","T04","Bronchocela cristatella","Species"
"SimForest","T04","Bronchocela cristatella","Species"
"SimForest","T04","Bronchocela cristatella","Species"
"SimForest","T04","Bronchocela cristatella","Species"
"SimForest","T04","Bronchocela cristatella","Species"
"SimForest","T04","Bronchocela cristatella","Species"
"SimForest","T04","Draco volans","Species"
"SimForest","T04","Draco volans","Species"
"SimForest","T04","Draco volans","Species"
"SimForest","T04","Draco volans","Species"
"SimForest","T04","Draco volans","Species"
"SimForest","T04","Draco volans","Species"
"SimForest","T04","Draco volans","Species"
"SimForest","T04","Draco volans","Species"
"SimForest","T04","Draco volans","Species"
"SimForest","T04","Draco volans","Species"
"SimForest","T04","Draco volans","Species"
"SimForest","T04","Draco volans","Species"
"SimForest","T04","Draco volans","Species"
"SimForest","T04","Draco volans","Species"
"SimForest","T04","Gonocephalus liogaster","Species"
"SimForest","T04","Gonocephalus liogaster","Species"
"SimForest","T04","Gonocephalus liogaster","Species"
"SimForest","T04","Gonocephalus liogaster","Species"
"SimForest","T04","Gonocephalus liogaster","Species"
"SimForest","T04","Gonocephalus liogaster","Species"
"SimForest","T04","Gonocephalus liogaster","Species"
"SimForest","T04","Gonocephalus liogaster","Species"
"SimForest","T04","Gonocephalus liogaster","Species"
"SimForest","T04","Varanus salvator","Species"
"SimForest","T04","Varanus salvator","Species"
"SimForest","T04","Varanus salvator","Species"
"SimForest","T04","Varanus salvator","Species"
"SimForest","T04","Varanus salvator","Species"
"SimForest","T04","Varanus salvator","Species"
"SimForest","T04","Varanus salvator","Species"
"SimForest","T04","Varanus salvator","Species"
"SimForest","T04","Varanus salvator","Species"
"SimForest","T04","Varanus salvator","Species"
"SimForest","T04","Varanus salvator","Species"
"SimForest","T04","Varanus salvator","Species"
"SimForest","T04","Varanus salvator","Species"
"SimForest","T04","Varanus salvator","Species"
"SimForest","T04","Varanus salvator","Species"
"SimForest","T04","Varanus salvator","Species"
"SimForest","T04","Varanus salvator","Species"
"SimForest","T04","Cyrtodactylus consobrinus","Species"
"SimForest","T04","Cyrtodactylus consobrinus","Species"
"SimForest","T04","Cyrtodactylus consobrinus","Species"
"SimForest","T04","Cyrtodactylus consobrinus","Species"
"SimForest","T04","Cyrtodactylus consobrinus","Species"
"SimForest","T04","Cyrtodactylus consobrinus","Species"
"SimForest","T04","Calotes versicolor","Species"
"SimForest","T04","Calotes versicolor","Species"
"SimForest","T04","Calotes versicolor","Species"
"SimForest","T04","Calotes versicolor","Species"
"SimForest","T04","Calotes versicolor","Species"
"SimForest","T04","Calotes versicolor","Species"
"SimForest","T04","Calotes versicolor","Species"
"SimForest","T04","Calotes versicolor","Species"
"SimForest","T04","Calotes versicolor","Species"
"SimForest","T04","Ptychozoon kuhli","Species"
"SimForest","T04","Ptychozoon kuhli","Species"
"SimForest","T04","Ptychozoon kuhli","Species"
"SimForest","T04","Ptychozoon kuhli","Species"
"SimForest","T04","Ptychozoon kuhli","Species"
"SimForest","T04","Ptychozoon kuhli","Species"
"SimForest","T04","Ptychozoon kuhli","Species"
"SimForest","T04","Ptychozoon kuhli","Species"
"SimForest","T04","Ptychozoon kuhli","Species"
"SimForest","T04","Ptychozoon kuhli","Species"
"SimForest","T04","Ptychozoon kuhli","Species"
"SimForest","T04","Ptychozoon kuhli","Species"
"SimForest","T04","Limnonectes kuhlii","Species"
"SimForest","T04","Limnonectes kuhlii","Species"
"SimForest","T04","Limnonectes kuhlii","Species"
"SimForest","T04","Limnonectes kuhlii","Species"
"SimForest","T04","Limnonectes kuhlii","Species"
"SimForest","T04","Limnonectes kuhlii","Species"
"SimForest","T04","Limnonectes kuhlii","Species"
"SimForest","T04","Limnonectes kuhlii","Species"
"SimForest","T04","Limnonectes kuhlii","Species"
"SimForest","T04","Limnonectes kuhlii","Species"
"SimForest","T04","Limnonectes kuhlii","Species"
"SimForest","T04","Polypedates leucomystax","Species"
"SimForest","T04","Polypedates leucomystax","Species"
"SimForest","T04","Polypedates leucomystax","Species"
"SimForest","T04","Polypedates leucomystax","Species"
"SimForest","T04","Polypedates leucomystax","Species"
"SimForest","T04","Polypedates leucomystax","Species"
"SimForest","T04","Polypedates leucomystax","Species"
"SimForest","T04","Polypedates leucomystax","Species"
"SimForest","T04","Polypedates leucomystax","Species"
"SimForest","T04","Rhacophorus reinwardtii","Species"
"SimForest","T04","Rhacophorus reinwardtii","Species"
"SimForest","T04","Rhacophorus reinwardtii","Species"
"SimForest","T04","Rhacophorus reinwardtii","Species"
"SimForest","T04","Rhacophorus reinwardtii","Species"
"SimForest","T04","Rhacophorus reinwardtii","Species"
"SimForest","T04","Rhacophorus reinwardtii","Species"
"SimForest","T04","Rhacophorus reinwardtii","Species"
"SimForest","T04","Rhacophorus reinwardtii","Species"
"SimForest","T04","Rhacophorus reinwardtii","Species"
"SimForest","T04","Rhacophorus reinwardtii","Species"
"SimForest","T04","Rhacophorus reinwardtii","Species"
"SimForest","T04","Megophrys nasuta","Species"
"SimForest","T04","Megophrys nasuta","Species"
"SimForest","T04","Megophrys nasuta","Species"
"SimForest","T04","Megophrys nasuta","Species"
"SimForest","T04","Megophrys nasuta","Species"
"SimForest","T04","Megophrys nasuta","Species"
"SimForest","T04","Megophrys nasuta","Species"
"SimForest","T04","Megophrys nasuta","Species"
"SimForest","T04","Megophrys nasuta","Species"
"SimForest","T04","Megophrys nasuta","Species"
"SimForest","T04","Megophrys nasuta","Species"
"SimForest","T04","Megophrys nasuta","Species"
"SimForest","T04","Megophrys nasuta","Species"
"SimForest","T04","Megophrys nasuta","Species"
"SimForest","T04","Megophrys nasuta","Species"
"SimForest","T04","Megophrys nasuta","Species"
"SimForest","T04","Megophrys nasuta","Species"
"SimForest","T04","Megophrys nasuta","Species"
"SimForest","T04","Megophrys nasuta","Species"
"SimForest","T04","Megophrys nasuta","Species"
"SimForest","T04","Megophrys nasuta","Species"
"SimForest","T04","Megophrys nasuta","Species"
"SimForest","T04","Megophrys nasuta","Species"
"SimForest","T04","Megophrys nasuta","Species"
"SimForest","T04","Megophrys nasuta","Species"
"SimForest","T04","Duttaphrynus melanostictus","Species"
"SimForest","T04","Duttaphrynus melanostictus","Species"
"SimForest","T04","Duttaphrynus melanostictus","Species"
"SimForest","T04","Duttaphrynus melanostictus","Species"
"SimForest","T04","Duttaphrynus melanostictus","Species"
"SimForest","T04","Duttaphrynus melanostictus","Species"
"SimForest","T04","Duttaphrynus melanostictus","Species"
"SimForest","T04","Duttaphrynus melanostictus","Species"
"SimForest","T04","Duttaphrynus melanostictus","Species"
"SimForest","T04","Duttaphrynus melanostictus","Species"
"SimForest","T04","Python reticulatus","Species"
"SimForest","T04","Python reticulatus","Species"
"SimForest","T04","Python reticulatus","Species"
"SimForest","T04","Python reticulatus","Species"
"SimForest","T04","Python reticulatus","Species"
"SimForest","T04","Python reticulatus","Species"
"SimForest","T04","Python reticulatus","Species"
"SimForest","T04","Ahaetulla prasina","Species"
"SimForest","T04","Ahaetulla prasina","Species"
"SimForest","T04","Ahaetulla prasina","Species"
"SimForest","T04","Ahaetulla prasina","Species"
"SimForest","T04","Ahaetulla prasina","Species"
"SimForest","T04","Ahaetulla prasina","Species"
"SimForest","T04","Ahaetulla prasina","Species"
"SimForest","T04","Ahaetulla prasina","Species"
"SimForest","T04","Ahaetulla prasina","Species"
"SimForest","T04","Ahaetulla prasina","Species"
"SimForest","T04","Ahaetulla prasina","Species"
"SimForest","T04","Boiga dendrophila","Species"
"SimForest","T04","Boiga dendrophila","Species"
"SimForest","T04","Boiga dendrophila","Species"
"SimForest","T04","Tropidolaemus wagleri","Species"
"SimForest","T04","Tropidolaemus wagleri","Species"
"SimForest","T04","Tropidolaemus wagleri","Species"
"SimForest","T04","Tropidolaemus wagleri","Species"
"SimForest","T04","Tropidolaemus wagleri","Species"
"SimForest","T04","Tropidolaemus wagleri","Species"
"SimForest","T04","Tropidolaemus wagleri","Species"
"SimForest","T04","Tropidolaemus wagleri","Species"
"SimForest","T04","Tropidolaemus wagleri","Species"
"SimForest","T04","Tropidolaemus wagleri","Species"
"SimForest","T04","Tropidolaemus wagleri","Species"
"SimForest","T04","Tropidolaemus wagleri","Species"
"SimForest","T04","Tropidolaemus wagleri","Species"
"SimForest","T04","Tropidolaemus wagleri","Species"
"SimForest","T04","Tropidolaemus wagleri","Species"
"SimForest","T04","Tropidolaemus wagleri","Species"
"SimForest","T04","Tropidolaemus wagleri","Species"
"SimForest","T04","Tropidolaemus wagleri","Species"
"SimForest","T04","Naja sputatrix","Species"
"SimForest","T04","Naja sputatrix","Species"
"SimForest","T04","Naja sputatrix","Species"
"SimForest","T04","Naja sputatrix","Species"
"SimForest","T04","Naja sputatrix","Species"
"SimForest","T04","Naja sputatrix","Species"
"SimForest","T04","Chalcorana raniceps","Species"
"SimForest","T04","Chalcorana raniceps","Species"
"SimForest","T04","Chalcorana raniceps","Species"
"SimForest","T04","Chalcorana raniceps","Species"
"SimForest","T04","Chalcorana raniceps","Species"
"SimForest","T04","Chalcorana raniceps","Species"
"SimForest","T04","Chalcorana raniceps","Species"
"SimForest","T04","Gekko gecko","Species"
"SimForest","T04","Gekko gecko","Species"
"SimForest","T04","Gekko gecko","Species"
"SimForest","T04","Gekko gecko","Species"
"SimForest","T04","Gekko gecko","Species"
"SimForest","T04","Gekko gecko","Species"
"SimForest","T04","Gekko gecko","Species"
"SimForest","T04","Gekko gecko","Species"
"SimForest","T04","Gekko gecko","Species"
"SimForest","T04","Gekko gecko","Species"
"SimForest","T04","Gekko gecko","Species"
"SimForest","T04","Gekko gecko","Species"
"SimForest","T04","Gekko gecko","Species"
"SimForest","T04","Gekko gecko","Species"
"SimForest","T04","Gekko gecko","Species"
"SimForest","T04","Gekko gecko","Species"
"SimForest","T04","Gekko gecko","Species"
"SimForest","T04","Gekko gecko","Species"
"SimForest","T04","Gekko gecko","Species"
"SimForest","T04","Eutropis multifasciata","Species"
"SimForest","T04","Eutropis multifasciata","Species"
"SimForest","T04","Eutropis multifasciata","Species"
"SimForest","T04","Eutropis multifasciata","Species"
"SimForest","T04","Eutropis multifasciata","Species"
"SimForest","T04","Eutropis multifasciata","Species"
"SimForest","T04","Eutropis multifasciata","Species"
"SimForest","T04","Eutropis multifasciata","Species"
"SimForest","T04","Eutropis multifasciata","Species"
"SimForest","T04","Eutropis multifasciata","Species"
"SimForest","T04","Eutropis multifasciata","Species"
"SimForest","T04","Eutropis multifasciata","Species"
"SimForest","T04","Eutropis multifasciata","Species"
"SimForest","T04","Eutropis multifasciata","Species"
"SimForest","T04","Eutropis multifasciata","Species"
"SimForest","T04","Eutropis multifasciata","Species"
"SimForest","T04","Eutropis multifasciata","Species"
"SimForest","T05","Bronchocela cristatella","Species"
"SimForest","T05","Bronchocela cristatella","Species"
"SimForest","T05","Bronchocela cristatella","Species"
"SimForest","T05","Bronchocela cristatella","Species"
"SimForest","T05","Bronchocela cristatella","Species"
"SimForest","T05","Bronchocela cristatella","Species"
"SimForest","T05","Bronchocela cristatella","Species"
"SimForest","T05","Draco volans","Species"
"SimForest","T05","Draco volans","Species"
"SimForest","T05","Draco volans","Species"
"SimForest","T05","Draco volans","Species"
"SimForest","T05","Draco volans","Species"
"SimForest","T05","Draco volans","Species"
"SimForest","T05","Draco volans","Species"
"SimForest","T05","Draco volans","Species"
"SimForest","T05","Draco volans","Species"
"SimForest","T05","Draco volans","Species"
"SimForest","T05","Draco volans","Species"
"SimForest","T05","Draco volans","Species"
"SimForest","T05","Gonocephalus liogaster","Species"
"SimForest","T05","Gonocephalus liogaster","Species"
"SimForest","T05","Gonocephalus liogaster","Species"
"SimForest","T05","Gonocephalus liogaster","Species"
"SimForest","T05","Gonocephalus liogaster","Species"
"SimForest","T05","Gonocephalus liogaster","Species"
"SimForest","T05","Gonocephalus liogaster","Species"
"SimForest","T05","Varanus salvator","Species"
"SimForest","T05","Varanus salvator","Species"
"SimForest","T05","Varanus salvator","Species"
"SimForest","T05","Varanus salvator","Species"
"SimForest","T05","Varanus salvator","Species"
"SimForest","T05","Varanus salvator","Species"
"SimForest","T05","Varanus salvator","Species"
"SimForest","T05","Varanus salvator","Species"
"SimForest","T05","Varanus salvator","Species"
"SimForest","T05","Varanus salvator","Species"
"SimForest","T05","Varanus salvator","Species"
"SimForest","T05","Varanus salvator","Species"
"SimForest","T05","Varanus salvator","Species"
"SimForest","T05","Varanus salvator","Species"
"SimForest","T05","Varanus salvator","Species"
"SimForest","T05","Varanus salvator","Species"
"SimForest","T05","Varanus salvator","Species"
"SimForest","T05","Cyrtodactylus consobrinus","Species"
"SimForest","T05","Cyrtodactylus consobrinus","Species"
"SimForest","T05","Cyrtodactylus consobrinus","Species"
"SimForest","T05","Cyrtodactylus consobrinus","Species"
"SimForest","T05","Cyrtodactylus consobrinus","Species"
"SimForest","T05","Cyrtodactylus consobrinus","Species"
"SimForest","T05","Calotes versicolor","Species"
"SimForest","T05","Calotes versicolor","Species"
"SimForest","T05","Calotes versicolor","Species"
"SimForest","T05","Calotes versicolor","Species"
"SimForest","T05","Calotes versicolor","Species"
"SimForest","T05","Ptychozoon kuhli","Species"
"SimForest","T05","Ptychozoon kuhli","Species"
"SimForest","T05","Ptychozoon kuhli","Species"
"SimForest","T05","Ptychozoon kuhli","Species"
"SimForest","T05","Ptychozoon kuhli","Species"
"SimForest","T05","Ptychozoon kuhli","Species"
"SimForest","T05","Ptychozoon kuhli","Species"
"SimForest","T05","Ptychozoon kuhli","Species"
"SimForest","T05","Ptychozoon kuhli","Species"
"SimForest","T05","Ptychozoon kuhli","Species"
"SimForest","T05","Limnonectes kuhlii","Species"
"SimForest","T05","Limnonectes kuhlii","Species"
"SimForest","T05","Limnonectes kuhlii","Species"
"SimForest","T05","Limnonectes kuhlii","Species"
"SimForest","T05","Limnonectes kuhlii","Species"
"SimForest","T05","Limnonectes kuhlii","Species"
"SimForest","T05","Polypedates leucomystax","Species"
"SimForest","T05","Polypedates leucomystax","Species"
"SimForest","T05","Polypedates leucomystax","Species"
"SimForest","T05","Polypedates leucomystax","Species"
"SimForest","T05","Polypedates leucomystax","Species"
"SimForest","T05","Polypedates leucomystax","Species"
"SimForest","T05","Polypedates leucomystax","Species"
"SimForest","T05","Polypedates leucomystax","Species"
"SimForest","T05","Polypedates leucomystax","Species"
"SimForest","T05","Polypedates leucomystax","Species"
"SimForest","T05","Rhacophorus reinwardtii","Species"
"SimForest","T05","Rhacophorus reinwardtii","Species"
"SimForest","T05","Rhacophorus reinwardtii","Species"
"SimForest","T05","Rhacophorus reinwardtii","Species"
"SimForest","T05","Rhacophorus reinwardtii","Species"
"SimForest","T05","Megophrys nasuta","Species"
"SimForest","T05","Megophrys nasuta","Species"
"SimForest","T05","Megophrys nasuta","Species"
"SimForest","T05","Megophrys nasuta","Species"
"SimForest","T05","Megophrys nasuta","Species"
"SimForest","T05","Megophrys nasuta","Species"
"SimForest","T05","Megophrys nasuta","Species"
"SimForest","T05","Megophrys nasuta","Species"
"SimForest","T05","Megophrys nasuta","Species"
"SimForest","T05","Megophrys nasuta","Species"
"SimForest","T05","Megophrys nasuta","Species"
"SimForest","T05","Megophrys nasuta","Species"
"SimForest","T05","Duttaphrynus melanostictus","Species"
"SimForest","T05","Duttaphrynus melanostictus","Species"
"SimForest","T05","Duttaphrynus melanostictus","Species"
"SimForest","T05","Duttaphrynus melanostictus","Species"
"SimForest","T05","Duttaphrynus melanostictus","Species"
"SimForest","T05","Duttaphrynus melanostictus","Species"
"SimForest","T05","Duttaphrynus melanostictus","Species"
"SimForest","T05","Duttaphrynus melanostictus","Species"
"SimForest","T05","Duttaphrynus melanostictus","Species"
"SimForest","T05","Duttaphrynus melanostictus","Species"
"SimForest","T05","Duttaphrynus melanostictus","Species"
"SimForest","T05","Python reticulatus","Species"
"SimForest","T05","Python reticulatus","Species"
"SimForest","T05","Ahaetulla prasina","Species"
"SimForest","T05","Ahaetulla prasina","Species"
"SimForest","T05","Ahaetulla prasina","Species"
"SimForest","T05","Ahaetulla prasina","Species"
"SimForest","T05","Ahaetulla prasina","Species"
"SimForest","T05","Ahaetulla prasina","Species"
"SimForest","T05","Ahaetulla prasina","Species"
"SimForest","T05","Ahaetulla prasina","Species"
"SimForest","T05","Ahaetulla prasina","Species"
"SimForest","T05","Ahaetulla prasina","Species"
"SimForest","T05","Boiga dendrophila","Species"
"SimForest","T05","Boiga dendrophila","Species"
"SimForest","T05","Boiga dendrophila","Species"
"SimForest","T05","Boiga dendrophila","Species"
"SimForest","T05","Boiga dendrophila","Species"
"SimForest","T05","Tropidolaemus wagleri","Species"
"SimForest","T05","Tropidolaemus wagleri","Species"
"SimForest","T05","Tropidolaemus wagleri","Species"
"SimForest","T05","Tropidolaemus wagleri","Species"
"SimForest","T05","Tropidolaemus wagleri","Species"
"SimForest","T05","Tropidolaemus wagleri","Species"
"SimForest","T05","Tropidolaemus wagleri","Species"
"SimForest","T05","Tropidolaemus wagleri","Species"
"SimForest","T05","Tropidolaemus wagleri","Species"
"SimForest","T05","Naja sputatrix","Species"
"SimForest","T05","Naja sputatrix","Species"
"SimForest","T05","Naja sputatrix","Species"
"SimForest","T05","Naja sputatrix","Species"
"SimForest","T05","Naja sputatrix","Species"
"SimForest","T05","Naja sputatrix","Species"
"SimForest","T05","Naja sputatrix","Species"
"SimForest","T05","Chalcorana raniceps","Species"
"SimForest","T05","Chalcorana raniceps","Species"
"SimForest","T05","Chalcorana raniceps","Species"
"SimForest","T05","Chalcorana raniceps","Species"
"SimForest","T05","Chalcorana raniceps","Species"
"SimForest","T05","Gekko gecko","Species"
"SimForest","T05","Gekko gecko","Species"
"SimForest","T05","Gekko gecko","Species"
"SimForest","T05","Gekko gecko","Species"
"SimForest","T05","Gekko gecko","Species"
"SimForest","T05","Gekko gecko","Species"
"SimForest","T05","Eutropis multifasciata","Species"
"SimForest","T05","Eutropis multifasciata","Species"
"SimForest","T05","Eutropis multifasciata","Species"
"SimForest","T05","Eutropis multifasciata","Species"
"SimForest","T05","Eutropis multifasciata","Species"
"SimForest","T05","Eutropis multifasciata","Species"
"SimForest","T05","Eutropis multifasciata","Species"
"SimForest","T05","Eutropis multifasciata","Species"
"SimForest","T05","Eutropis multifasciata","Species"
"SimForest","T05","Eutropis multifasciata","Species"
"SimForest","T05","Eutropis multifasciata","Species"
"SimForest","T06","Bronchocela cristatella","Species"
"SimForest","T06","Draco volans","Species"
"SimForest","T06","Varanus salvator","Species"
"SimForest","T06","Varanus salvator","Species"
"SimForest","T06","Varanus salvator","Species"
"SimForest","T06","Cyrtodactylus consobrinus","Species"
"SimForest","T06","Calotes versicolor","Species"
"SimForest","T06","Ptychozoon kuhli","Species"
"SimForest","T06","Ptychozoon kuhli","Species"
"SimForest","T06","Ptychozoon kuhli","Species"
"SimForest","T06","Ptychozoon kuhli","Species"
"SimForest","T06","Limnonectes kuhlii","Species"
"SimForest","T06","Limnonectes kuhlii","Species"
"SimForest","T06","Limnonectes kuhlii","Species"
"SimForest","T06","Limnonectes kuhlii","Species"
"SimForest","T06","Limnonectes kuhlii","Species"
"SimForest","T06","Polypedates leucomystax","Species"
"SimForest","T06","Polypedates leucomystax","Species"
"SimForest","T06","Polypedates leucomystax","Species"
"SimForest","T06","Polypedates leucomystax","Species"
"SimForest","T06","Rhacophorus reinwardtii","Species"
"SimForest","T06","Rhacophorus reinwardtii","Species"
"SimForest","T06","Megophrys nasuta","Species"
"SimForest","T06","Megophrys nasuta","Species"
"SimForest","T06","Megophrys nasuta","Species"
"SimForest","T06","Duttaphrynus melanostictus","Species"
"SimForest","T06","Python reticulatus","Species"
"SimForest","T06","Python reticulatus","Species"
"SimForest","T06","Ahaetulla prasina","Species"
"SimForest","T06","Ahaetulla prasina","Species"
"SimForest","T06","Ahaetulla prasina","Species"
"SimForest","T06","Ahaetulla prasina","Species"
"SimForest","T06","Boiga dendrophila","Species"
"SimForest","T06","Boiga dendrophila","Species"
"SimForest","T06","Tropidolaemus wagleri","Species"
"SimForest","T06","Tropidolaemus wagleri","Species"
"SimForest","T06","Naja sputatrix","Species"
"SimForest","T06","Naja sputatrix","Species"
"SimForest","T06","Chalcorana raniceps","Species"
"SimForest","T06","Gekko gecko","Species"
"SimForest","T06","Eutropis multifasciata","Species"
"SimForest","T06","Eutropis multifasciata","Species"
"SimForest","T07","Bronchocela cristatella","Species"
"SimForest","T07","Bronchocela cristatella","Species"
"SimForest","T07","Bronchocela cristatella","Species"
"SimForest","T07","Bronchocela cristatella","Species"
"SimForest","T07","Bronchocela cristatella","Species"
"SimForest","T07","Bronchocela cristatella","Species"
"SimForest","T07","Bronchocela cristatella","Species"
"SimForest","T07","Bronchocela cristatella","Species"
"SimForest","T07","Bronchocela cristatella","Species"
"SimForest","T07","Bronchocela cristatella","Species"
"SimForest","T07","Bronchocela cristatella","Species"
"SimForest","T07","Bronchocela cristatella","Species"
"SimForest","T07","Bronchocela cristatella","Species"
"SimForest","T07","Bronchocela cristatella","Species"
"SimForest","T07","Bronchocela cristatella","Species"
"SimForest","T07","Bronchocela cristatella","Species"
"SimForest","T07","Draco volans","Species"
"SimForest","T07","Draco volans","Species"
"SimForest","T07","Draco volans","Species"
"SimForest","T07","Draco volans","Species"
"SimForest","T07","Draco volans","Species"
"SimForest","T07","Draco volans","Species"
"SimForest","T07","Draco volans","Species"
"SimForest","T07","Draco volans","Species"
"SimForest","T07","Varanus salvator","Species"
"SimForest","T07","Varanus salvator","Species"
"SimForest","T07","Varanus salvator","Species"
"SimForest","T07","Varanus salvator","Species"
"SimForest","T07","Varanus salvator","Species"
"SimForest","T07","Varanus salvator","Species"
"SimForest","T07","Varanus salvator","Species"
"SimForest","T07","Varanus salvator","Species"
"SimForest","T07","Cyrtodactylus consobrinus","Species"
"SimForest","T07","Cyrtodactylus consobrinus","Species"
"SimForest","T07","Cyrtodactylus consobrinus","Species"
"SimForest","T07","Cyrtodactylus consobrinus","Species"
"SimForest","T07","Cyrtodactylus consobrinus","Species"
"SimForest","T07","Cyrtodactylus consobrinus","Species"
"SimForest","T07","Calotes versicolor","Species"
"SimForest","T07","Calotes versicolor","Species"
"SimForest","T07","Ptychozoon kuhli","Species"
"SimForest","T07","Ptychozoon kuhli","Species"
"SimForest","T07","Ptychozoon kuhli","Species"
"SimForest","T07","Ptychozoon kuhli","Species"
"SimForest","T07","Ptychozoon kuhli","Species"
"SimForest","T07","Ptychozoon kuhli","Species"
"SimForest","T07","Ptychozoon kuhli","Species"
"SimForest","T07","Ptychozoon kuhli","Species"
"SimForest","T07","Limnonectes kuhlii","Species"
"SimForest","T07","Limnonectes kuhlii","Species"
"SimForest","T07","Limnonectes kuhlii","Species"
"SimForest","T07","Limnonectes kuhlii","Species"
"SimForest","T07","Limnonectes kuhlii","Species"
"SimForest","T07","Polypedates leucomystax","Species"
"SimForest","T07","Polypedates leucomystax","Species"
"SimForest","T07","Rhacophorus reinwardtii","Species"
"SimForest","T07","Rhacophorus reinwardtii","Species"
"SimForest","T07","Rhacophorus reinwardtii","Species"
"SimForest","T07","Megophrys nasuta","Species"
"SimForest","T07","Megophrys nasuta","Species"
"SimForest","T07","Megophrys nasuta","Species"
"SimForest","T07","Megophrys nasuta","Species"
"SimForest","T07","Megophrys nasuta","Species"
"SimForest","T07","Megophrys nasuta","Species"
"SimForest","T07","Megophrys nasuta","Species"
"SimForest","T07","Duttaphrynus melanostictus","Species"
"SimForest","T07","Duttaphrynus melanostictus","Species"
"SimForest","T07","Duttaphrynus melanostictus","Species"
"SimForest","T07","Duttaphrynus melanostictus","Species"
"SimForest","T07","Duttaphrynus melanostictus","Species"
"SimForest","T07","Duttaphrynus melanostictus","Species"
"SimForest","T07","Duttaphrynus melanostictus","Species"
"SimForest","T07","Duttaphrynus melanostictus","Species"
"SimForest","T07","Duttaphrynus melanostictus","Species"
"SimForest","T07","Python reticulatus","Species"
"SimForest","T07","Python reticulatus","Species"
"SimForest","T07","Ahaetulla prasina","Species"
"SimForest","T07","Ahaetulla prasina","Species"
"SimForest","T07","Ahaetulla prasina","Species"
"SimForest","T07","Boiga dendrophila","Species"
"SimForest","T07","Boiga dendrophila","Species"
"SimForest","T07","Boiga dendrophila","Species"
"SimForest","T07","Boiga dendrophila","Species"
"SimForest","T07","Tropidolaemus wagleri","Species"
"SimForest","T07","Tropidolaemus wagleri","Species"
"SimForest","T07","Tropidolaemus wagleri","Species"
"SimForest","T07","Naja sputatrix","Species"
"SimForest","T07","Naja sputatrix","Species"
"SimForest","T07","Chalcorana raniceps","Species"
"SimForest","T07","Chalcorana raniceps","Species"
"SimForest","T07","Gekko gecko","Species"
"SimForest","T07","Gekko gecko","Species"
"SimForest","T07","Gekko gecko","Species"
"SimForest","T07","Gekko gecko","Species"
"SimForest","T07","Gekko gecko","Species"
"SimForest","T07","Gekko gecko","Species"
"SimForest","T07","Gekko gecko","Species"
"SimForest","T07","Gekko gecko","Species"
"SimForest","T07","Gekko gecko","Species"
"SimForest","T07","Eutropis multifasciata","Species"
"SimForest","T07","Eutropis multifasciata","Species"
"SimForest","T08","Bronchocela cristatella","Species"
"SimForest","T08","Bronchocela cristatella","Species"
"SimForest","T08","Bronchocela cristatella","Species"
"SimForest","T08","Bronchocela cristatella","Species"
"SimForest","T08","Draco volans","Species"
"SimForest","T08","Gonocephalus liogaster","Species"
"SimForest","T08","Gonocephalus liogaster","Species"
"SimForest","T08","Gonocephalus liogaster","Species"
"SimForest","T08","Gonocephalus liogaster","Species"
"SimForest","T08","Varanus salvator","Species"
"SimForest","T08","Varanus salvator","Species"
"SimForest","T08","Varanus salvator","Species"
"SimForest","T08","Varanus salvator","Species"
"SimForest","T08","Varanus salvator","Species"
"SimForest","T08","Cyrtodactylus consobrinus","Species"
"SimForest","T08","Cyrtodactylus consobrinus","Species"
"SimForest","T08","Cyrtodactylus consobrinus","Species"
"SimForest","T08","Cyrtodactylus consobrinus","Species"
"SimForest","T08","Calotes versicolor","Species"
"SimForest","T08","Calotes versicolor","Species"
"SimForest","T08","Calotes versicolor","Species"
"SimForest","T08","Calotes versicolor","Species"
"SimForest","T08","Calotes versicolor","Species"
"SimForest","T08","Ptychozoon kuhli","Species"
"SimForest","T08","Ptychozoon kuhli","Species"
"SimForest","T08","Ptychozoon kuhli","Species"
"SimForest","T08","Ptychozoon kuhli","Species"
"SimForest","T08","Ptychozoon kuhli","Species"
"SimForest","T08","Ptychozoon kuhli","Species"
"SimForest","T08","Ptychozoon kuhli","Species"
"SimForest","T08","Ptychozoon kuhli","Species"
"SimForest","T08","Limnonectes kuhlii","Species"
"SimForest","T08","Limnonectes kuhlii","Species"
"SimForest","T08","Limnonectes kuhlii","Species"
"SimForest","T08","Limnonectes kuhlii","Species"
"SimForest","T08","Limnonectes kuhlii","Species"
"SimForest","T08","Polypedates leucomystax","Species"
"SimForest","T08","Polypedates leucomystax","Species"
"SimForest","T08","Polypedates leucomystax","Species"
"SimForest","T08","Polypedates leucomystax","Species"
"SimForest","T08","Polypedates leucomystax","Species"
"SimForest","T08","Rhacophorus reinwardtii","Species"
"SimForest","T08","Rhacophorus reinwardtii","Species"
"SimForest","T08","Megophrys nasuta","Species"
"SimForest","T08","Megophrys nasuta","Species"
"SimForest","T08","Megophrys nasuta","Species"
"SimForest","T08","Megophrys nasuta","Species"
"SimForest","T08","Megophrys nasuta","Species"
"SimForest","T08","Megophrys nasuta","Species"
"SimForest","T08","Megophrys nasuta","Species"
"SimForest","T08","Megophrys nasuta","Species"
"SimForest","T08","Megophrys nasuta","Species"
"SimForest","T08","Duttaphrynus melanostictus","Species"
"SimForest","T08","Duttaphrynus melanostictus","Species"
"SimForest","T08","Duttaphrynus melanostictus","Species"
"SimForest","T08","Python reticulatus","Species"
"SimForest","T08","Python reticulatus","Species"
"SimForest","T08","Python reticulatus","Species"
"SimForest","T08","Ahaetulla prasina","Species"
"SimForest","T08","Ahaetulla prasina","Species"
"SimForest","T08","Ahaetulla prasina","Species"
"SimForest","T08","Boiga dendrophila","Species"
"SimForest","T08","Tropidolaemus wagleri","Species"
"SimForest","T08","Tropidolaemus wagleri","Species"
"SimForest","T08","Tropidolaemus wagleri","Species"
"SimForest","T08","Tropidolaemus wagleri","Species"
"SimForest","T08","Tropidolaemus wagleri","Species"
"SimForest","T08","Tropidolaemus wagleri","Species"
"SimForest","T08","Tropidolaemus wagleri","Species"
"SimForest","T08","Naja sputatrix","Species"
"SimForest","T08","Naja sputatrix","Species"
"SimForest","T08","Naja sputatrix","Species"
"SimForest","T08","Naja sputatrix","Species"
"SimForest","T08","Naja sputatrix","Species"
"SimForest","T08","Chalcorana raniceps","Species"
"SimForest","T08","Chalcorana raniceps","Species"
"SimForest","T08","Chalcorana raniceps","Species"
"SimForest","T08","Gekko gecko","Species"
"SimForest","T08","Gekko gecko","Species"
"SimForest","T08","Gekko gecko","Species"
"SimForest","T08","Gekko gecko","Species"
"SimForest","T08","Gekko gecko","Species"
"SimForest","T08","Gekko gecko","Species"
"SimForest","T08","Gekko gecko","Species"
"SimForest","T08","Eutropis multifasciata","Species"
"SimForest","T08","Eutropis multifasciata","Species"
"SimForest","T08","Eutropis multifasciata","Species"
"SimForest","T08","Eutropis multifasciata","Species"
"SimForest","T08","Eutropis multifasciata","Species"
"SimForest","T09","Bronchocela cristatella","Species"
"SimForest","T09","Bronchocela cristatella","Species"
"SimForest","T09","Bronchocela cristatella","Species"
"SimForest","T09","Bronchocela cristatella","Species"
"SimForest","T09","Bronchocela cristatella","Species"
"SimForest","T09","Bronchocela cristatella","Species"
"SimForest","T09","Bronchocela cristatella","Species"
"SimForest","T09","Bronchocela cristatella","Species"
"SimForest","T09","Bronchocela cristatella","Species"
"SimForest","T09","Bronchocela cristatella","Species"
"SimForest","T09","Bronchocela cristatella","Species"
"SimForest","T09","Draco volans","Species"
"SimForest","T09","Draco volans","Species"
"SimForest","T09","Draco volans","Species"
"SimForest","T09","Draco volans","Species"
"SimForest","T09","Draco volans","Species"
"SimForest","T09","Draco volans","Species"
"SimForest","T09","Draco volans","Species"
"SimForest","T09","Draco volans","Species"
"SimForest","T09","Draco volans","Species"
"SimForest","T09","Draco volans","Species"
"SimForest","T09","Draco volans","Species"
"SimForest","T09","Draco volans","Species"
"SimForest","T09","Draco volans","Species"
"SimForest","T09","Draco volans","Species"
"SimForest","T09","Draco volans","Species"
"SimForest","T09","Draco volans","Species"
"SimForest","T09","Draco volans","Species"
"SimForest","T09","Draco volans","Species"
"SimForest","T09","Gonocephalus liogaster","Species"
"SimForest","T09","Gonocephalus liogaster","Species"
"SimForest","T09","Gonocephalus liogaster","Species"
"SimForest","T09","Gonocephalus liogaster","Species"
"SimForest","T09","Gonocephalus liogaster","Species"
"SimForest","T09","Gonocephalus liogaster","Species"
"SimForest","T09","Varanus salvator","Species"
"SimForest","T09","Varanus salvator","Species"
"SimForest","T09","Varanus salvator","Species"
"SimForest","T09","Varanus salvator","Species"
"SimForest","T09","Varanus salvator","Species"
"SimForest","T09","Varanus salvator","Species"
"SimForest","T09","Varanus salvator","Species"
"SimForest","T09","Varanus salvator","Species"
"SimForest","T09","Varanus salvator","Species"
"SimForest","T09","Varanus salvator","Species"
"SimForest","T09","Varanus salvator","Species"
"SimForest","T09","Varanus salvator","Species"
"SimForest","T09","Varanus salvator","Species"
"SimForest","T09","Varanus salvator","Species"
"SimForest","T09","Varanus salvator","Species"
"SimForest","T09","Varanus salvator","Species"
"SimForest","T09","Varanus salvator","Species"
"SimForest","T09","Varanus salvator","Species"
"SimForest","T09","Varanus salvator","Species"
"SimForest","T09","Varanus salvator","Species"
"SimForest","T09","Cyrtodactylus consobrinus","Species"
"SimForest","T09","Cyrtodactylus consobrinus","Species"
"SimForest","T09","Cyrtodactylus consobrinus","Species"
"SimForest","T09","Cyrtodactylus consobrinus","Species"
"SimForest","T09","Cyrtodactylus consobrinus","Species"
"SimForest","T09","Calotes versicolor","Species"
"SimForest","T09","Calotes versicolor","Species"
"SimForest","T09","Calotes versicolor","Species"
"SimForest","T09","Calotes versicolor","Species"
"SimForest","T09","Calotes versicolor","Species"
"SimForest","T09","Calotes versicolor","Species"
"SimForest","T09","Calotes versicolor","Species"
"SimForest","T09","Calotes versicolor","Species"
"SimForest","T09","Calotes versicolor","Species"
"SimForest","T09","Calotes versicolor","Species"
"SimForest","T09","Calotes versicolor","Species"
"SimForest","T09","Calotes versicolor","Species"
"SimForest","T09","Calotes versicolor","Species"
"SimForest","T09","Ptychozoon kuhli","Species"
"SimForest","T09","Ptychozoon kuhli","Species"
"SimForest","T09","Ptychozoon kuhli","Species"
"SimForest","T09","Ptychozoon kuhli","Species"
"SimForest","T09","Ptychozoon kuhli","Species"
"SimForest","T09","Ptychozoon kuhli","Species"
"SimForest","T09","Ptychozoon kuhli","Species"
"SimForest","T09","Ptychozoon kuhli","Species"
"SimForest","T09","Ptychozoon kuhli","Species"
"SimForest","T09","Ptychozoon kuhli","Species"
"SimForest","T09","Ptychozoon kuhli","Species"
"SimForest","T09","Ptychozoon kuhli","Species"
"SimForest","T09","Ptychozoon kuhli","Species"
"SimForest","T09","Ptychozoon kuhli","Species"
"SimForest","T09","Ptychozoon kuhli","Species"
"SimForest","T09","Ptychozoon kuhli","Species"
"SimForest","T09","Ptychozoon kuhli","Species"
"SimForest","T09","Limnonectes kuhlii","Species"
"SimForest","T09","Limnonectes kuhlii","Species"
"SimForest","T09","Limnonectes kuhlii","Species"
"SimForest","T09","Limnonectes kuhlii","Species"
"SimForest","T09","Limnonectes kuhlii","Species"
"SimForest","T09","Limnonectes kuhlii","Species"
"SimForest","T09","Limnonectes kuhlii","Species"
"SimForest","T09","Limnonectes kuhlii","Species"
"SimForest","T09","Limnonectes kuhlii","Species"
"SimForest","T09","Limnonectes kuhlii","Species"
"SimForest","T09","Limnonectes kuhlii","Species"
"SimForest","T09","Limnonectes kuhlii","Species"
"SimForest","T09","Limnonectes kuhlii","Species"
"SimForest","T09","Limnonectes kuhlii","Species"
"SimForest","T09","Limnonectes kuhlii","Species"
"SimForest","T09","Limnonectes kuhlii","Species"
"SimForest","T09","Limnonectes kuhlii","Species"
"SimForest","T09","Polypedates leucomystax","Species"
"SimForest","T09","Polypedates leucomystax","Species"
"SimForest","T09","Polypedates leucomystax","Species"
"SimForest","T09","Polypedates leucomystax","Species"
"SimForest","T09","Polypedates leucomystax","Species"
"SimForest","T09","Polypedates leucomystax","Species"
"SimForest","T09","Polypedates leucomystax","Species"
"SimForest","T09","Polypedates leucomystax","Species"
"SimForest","T09","Polypedates leucomystax","Species"
"SimForest","T09","Polypedates leucomystax","Species"
"SimForest","T09","Polypedates leucomystax","Species"
"SimForest","T09","Polypedates leucomystax","Species"
"SimForest","T09","Rhacophorus reinwardtii","Species"
"SimForest","T09","Rhacophorus reinwardtii","Species"
"SimForest","T09","Rhacophorus reinwardtii","Species"
"SimForest","T09","Rhacophorus reinwardtii","Species"
"SimForest","T09","Rhacophorus reinwardtii","Species"
"SimForest","T09","Rhacophorus reinwardtii","Species"
"SimForest","T09","Megophrys nasuta","Species"
"SimForest","T09","Megophrys nasuta","Species"
"SimForest","T09","Megophrys nasuta","Species"
"SimForest","T09","Megophrys nasuta","Species"
"SimForest","T09","Megophrys nasuta","Species"
"SimForest","T09","Megophrys nasuta","Species"
"SimForest","T09","Megophrys nasuta","Species"
"SimForest","T09","Megophrys nasuta","Species"
"SimForest","T09","Megophrys nasuta","Species"
"SimForest","T09","Megophrys nasuta","Species"
"SimForest","T09","Megophrys nasuta","Species"
"SimForest","T09","Megophrys nasuta","Species"
"SimForest","T09","Megophrys nasuta","Species"
"SimForest","T09","Megophrys nasuta","Species"
"SimForest","T09","Megophrys nasuta","Species"
"SimForest","T09","Megophrys nasuta","Species"
"SimForest","T09","Megophrys nasuta","Species"
"SimForest","T09","Megophrys nasuta","Species"
"SimForest","T09","Duttaphrynus melanostictus","Species"
"SimForest","T09","Duttaphrynus melanostictus","Species"
"SimForest","T09","Duttaphrynus melanostictus","Species"
"SimForest","T09","Duttaphrynus melanostictus","Species"
"SimForest","T09","Duttaphrynus melanostictus","Species"
"SimForest","T09","Duttaphrynus melanostictus","Species"
"SimForest","T09","Duttaphrynus melanostictus","Species"
"SimForest","T09","Python reticulatus","Species"
"SimForest","T09","Python reticulatus","Species"
"SimForest","T09","Python reticulatus","Species"
"SimForest","T09","Python reticulatus","Species"
"SimForest","T09","Python reticulatus","Species"
"SimForest","T09","Python reticulatus","Species"
"SimForest","T09","Ahaetulla prasina","Species"
"SimForest","T09","Ahaetulla prasina","Species"
"SimForest","T09","Ahaetulla prasina","Species"
"SimForest","T09","Ahaetulla prasina","Species"
"SimForest","T09","Ahaetulla prasina","Species"
"SimForest","T09","Ahaetulla prasina","Species"
"SimForest","T09","Ahaetulla prasina","Species"
"SimForest","T09","Ahaetulla prasina","Species"
"SimForest","T09","Ahaetulla prasina","Species"
"SimForest","T09","Ahaetulla prasina","Species"
"SimForest","T09","Ahaetulla prasina","Species"
"SimForest","T09","Ahaetulla prasina","Species"
"SimForest","T09","Ahaetulla prasina","Species"
"SimForest","T09","Boiga dendrophila","Species"
"SimForest","T09","Boiga dendrophila","Species"
"SimForest","T09","Boiga dendrophila","Species"
"SimForest","T09","Tropidolaemus wagleri","Species"
"SimForest","T09","Tropidolaemus wagleri","Species"
"SimForest","T09","Tropidolaemus wagleri","Species"
"SimForest","T09","Tropidolaemus wagleri","Species"
"SimForest","T09","Tropidolaemus wagleri","Species"
"SimForest","T09","Tropidolaemus wagleri","Species"
"SimForest","T09","Tropidolaemus wagleri","Species"
"SimForest","T09","Tropidolaemus wagleri","Species"
"SimForest","T09","Tropidolaemus wagleri","Species"
"SimForest","T09","Tropidolaemus wagleri","Species"
"SimForest","T09","Tropidolaemus wagleri","Species"
"SimForest","T09","Tropidolaemus wagleri","Species"
"SimForest","T09","Tropidolaemus wagleri","Species"
"SimForest","T09","Tropidolaemus wagleri","Species"
"SimForest","T09","Tropidolaemus wagleri","Species"
"SimForest","T09","Tropidolaemus wagleri","Species"
"SimForest","T09","Tropidolaemus wagleri","Species"
"SimForest","T09","Tropidolaemus wagleri","Species"
"SimForest","T09","Naja sputatrix","Species"
"SimForest","T09","Naja sputatrix","Species"
"SimForest","T09","Naja sputatrix","Species"
"SimForest","T09","Naja sputatrix","Species"
"SimForest","T09","Naja sputatrix","Species"
"SimForest","T09","Naja sputatrix","Species"
"SimForest","T09","Chalcorana raniceps","Species"
"SimForest","T09","Chalcorana raniceps","Species"
"SimForest","T09","Chalcorana raniceps","Species"
"SimForest","T09","Chalcorana raniceps","Species"
"SimForest","T09","Chalcorana raniceps","Species"
"SimForest","T09","Chalcorana raniceps","Species"
"SimForest","T09","Chalcorana raniceps","Species"
"SimForest","T09","Chalcorana raniceps","Species"
"SimForest","T09","Chalcorana raniceps","Species"
"SimForest","T09","Chalcorana raniceps","Species"
"SimForest","T09","Gekko gecko","Species"
"SimForest","T09","Gekko gecko","Species"
"SimForest","T09","Gekko gecko","Species"
"SimForest","T09","Gekko gecko","Species"
"SimForest","T09","Gekko gecko","Species"
"SimForest","T09","Gekko gecko","Species"
"SimForest","T09","Gekko gecko","Species"
"SimForest","T09","Gekko gecko","Species"
"SimForest","T09","Gekko gecko","Species"
"SimForest","T09","Gekko gecko","Species"
"SimForest","T09","Gekko gecko","Species"
"SimForest","T09","Gekko gecko","Species"
"SimForest","T09","Gekko gecko","Species"
"SimForest","T09","Gekko gecko","Species"
"SimForest","T09","Gekko gecko","Species"
"SimForest","T09","Gekko gecko","Species"
"SimForest","T09","Gekko gecko","Species"
"SimForest","T09","Gekko gecko","Species"
"SimForest","T09","Eutropis multifasciata","Species"
"SimForest","T09","Eutropis multifasciata","Species"
"SimForest","T09","Eutropis multifasciata","Species"
"SimForest","T09","Eutropis multifasciata","Species"
"SimForest","T09","Eutropis multifasciata","Species"
"SimForest","T09","Eutropis multifasciata","Species"
"SimForest","T09","Eutropis multifasciata","Species"
"SimForest","T09","Eutropis multifasciata","Species"
"SimForest","T10","Bronchocela cristatella","Species"
"SimForest","T10","Bronchocela cristatella","Species"
"SimForest","T10","Bronchocela cristatella","Species"
"SimForest","T10","Bronchocela cristatella","Species"
"SimForest","T10","Bronchocela cristatella","Species"
"SimForest","T10","Bronchocela cristatella","Species"
"SimForest","T10","Bronchocela cristatella","Species"
"SimForest","T10","Bronchocela cristatella","Species"
"SimForest","T10","Bronchocela cristatella","Species"
"SimForest","T10","Bronchocela cristatella","Species"
"SimForest","T10","Bronchocela cristatella","Species"
"SimForest","T10","Draco volans","Species"
"SimForest","T10","Draco volans","Species"
"SimForest","T10","Draco volans","Species"
"SimForest","T10","Draco volans","Species"
"SimForest","T10","Gonocephalus liogaster","Species"
"SimForest","T10","Gonocephalus liogaster","Species"
"SimForest","T10","Gonocephalus liogaster","Species"
"SimForest","T10","Varanus salvator","Species"
"SimForest","T10","Varanus salvator","Species"
"SimForest","T10","Varanus salvator","Species"
"SimForest","T10","Varanus salvator","Species"
"SimForest","T10","Varanus salvator","Species"
"SimForest","T10","Cyrtodactylus consobrinus","Species"
"SimForest","T10","Cyrtodactylus consobrinus","Species"
"SimForest","T10","Cyrtodactylus consobrinus","Species"
"SimForest","T10","Cyrtodactylus consobrinus","Species"
"SimForest","T10","Calotes versicolor","Species"
"SimForest","T10","Calotes versicolor","Species"
"SimForest","T10","Calotes versicolor","Species"
"SimForest","T10","Ptychozoon kuhli","Species"
"SimForest","T10","Ptychozoon kuhli","Species"
"SimForest","T10","Ptychozoon kuhli","Species"
"SimForest","T10","Ptychozoon kuhli","Species"
"SimForest","T10","Ptychozoon kuhli","Species"
"SimForest","T10","Ptychozoon kuhli","Species"
"SimForest","T10","Limnonectes kuhlii","Species"
"SimForest","T10","Limnonectes kuhlii","Species"
"SimForest","T10","Polypedates leucomystax","Species"
"SimForest","T10","Polypedates leucomystax","Species"
"SimForest","T10","Rhacophorus reinwardtii","Species"
"SimForest","T10","Rhacophorus reinwardtii","Species"
"SimForest","T10","Megophrys nasuta","Species"
"SimForest","T10","Megophrys nasuta","Species"
"SimForest","T10","Megophrys nasuta","Species"
"SimForest","T10","Megophrys nasuta","Species"
"SimForest","T10","Megophrys nasuta","Species"
"SimForest","T10","Duttaphrynus melanostictus","Species"
"SimForest","T10","Duttaphrynus melanostictus","Species"
"SimForest","T10","Duttaphrynus melanostictus","Species"
"SimForest","T10","Duttaphrynus melanostictus","Species"
"SimForest","T10","Python reticulatus","Species"
"SimForest","T10","Python reticulatus","Species"
"SimForest","T10","Python reticulatus","Species"
"SimForest","T10","Python reticulatus","Species"
"SimForest","T10","Ahaetulla prasina","Species"
"SimForest","T10","Ahaetulla prasina","Species"
"SimForest","T10","Ahaetulla prasina","Species"
"SimForest","T10","Ahaetulla prasina","Species"
"SimForest","T10","Ahaetulla prasina","Species"
"SimForest","T10","Ahaetulla prasina","Species"
"SimForest","T10","Ahaetulla prasina","Species"
"SimForest","T10","Boiga dendrophila","Species"
"SimForest","T10","Tropidolaemus wagleri","Species"
"SimForest","T10","Tropidolaemus wagleri","Species"
"SimForest","T10","Naja sputatrix","Species"
"SimForest","T10","Naja sputatrix","Species"
"SimForest","T10","Naja sputatrix","Species"
"SimForest","T10","Naja sputatrix","Species"
"SimForest","T10","Naja sputatrix","Species"
"SimForest","T10","Chalcorana raniceps","Species"
"SimForest","T10","Chalcorana raniceps","Species"
"SimForest","T10","Gekko gecko","Species"
"SimForest","T10","Gekko gecko","Species"
"SimForest","T10","Gekko gecko","Species"
"SimForest","T10","Gekko gecko","Species"
"SimForest","T10","Gekko gecko","Species"
"SimForest","T10","Gekko gecko","Species"
"SimForest","T10","Gekko gecko","Species"
"SimForest","T10","Gekko gecko","Species"
"SimForest","T10","Eutropis multifasciata","Species"
"SimForest","T10","Eutropis multifasciata","Species"
"SimForest","T10","Eutropis multifasciata","Species"
"SimForest","T10","Eutropis multifasciata","Species"
"SimForest","T10","Eutropis multifasciata","Species"
"SimForest","T10","Eutropis multifasciata","Species"
"SimForest","T10","Eutropis multifasciata","Species"
"SimForest","T11","Bronchocela cristatella","Species"
"SimForest","T11","Bronchocela cristatella","Species"
"SimForest","T11","Bronchocela cristatella","Species"
"SimForest","T11","Bronchocela cristatella","Species"
"SimForest","T11","Bronchocela cristatella","Species"
"SimForest","T11","Bronchocela cristatella","Species"
"SimForest","T11","Bronchocela cristatella","Species"
"SimForest","T11","Bronchocela cristatella","Species"
"SimForest","T11","Bronchocela cristatella","Species"
"SimForest","T11","Bronchocela cristatella","Species"
"SimForest","T11","Bronchocela cristatella","Species"
"SimForest","T11","Bronchocela cristatella","Species"
"SimForest","T11","Bronchocela cristatella","Species"
"SimForest","T11","Bronchocela cristatella","Species"
"SimForest","T11","Bronchocela cristatella","Species"
"SimForest","T11","Bronchocela cristatella","Species"
"SimForest","T11","Bronchocela cristatella","Species"
"SimForest","T11","Draco volans","Species"
"SimForest","T11","Draco volans","Species"
"SimForest","T11","Draco volans","Species"
"SimForest","T11","Draco volans","Species"
"SimForest","T11","Draco volans","Species"
"SimForest","T11","Draco volans","Species"
"SimForest","T11","Draco volans","Species"
"SimForest","T11","Draco volans","Species"
"SimForest","T11","Draco volans","Species"
"SimForest","T11","Draco volans","Species"
"SimForest","T11","Gonocephalus liogaster","Species"
"SimForest","T11","Gonocephalus liogaster","Species"
"SimForest","T11","Gonocephalus liogaster","Species"
"SimForest","T11","Varanus salvator","Species"
"SimForest","T11","Varanus salvator","Species"
"SimForest","T11","Varanus salvator","Species"
"SimForest","T11","Varanus salvator","Species"
"SimForest","T11","Varanus salvator","Species"
"SimForest","T11","Varanus salvator","Species"
"SimForest","T11","Varanus salvator","Species"
"SimForest","T11","Varanus salvator","Species"
"SimForest","T11","Varanus salvator","Species"
"SimForest","T11","Varanus salvator","Species"
"SimForest","T11","Varanus salvator","Species"
"SimForest","T11","Varanus salvator","Species"
"SimForest","T11","Varanus salvator","Species"
"SimForest","T11","Varanus salvator","Species"
"SimForest","T11","Varanus salvator","Species"
"SimForest","T11","Varanus salvator","Species"
"SimForest","T11","Cyrtodactylus consobrinus","Species"
"SimForest","T11","Cyrtodactylus consobrinus","Species"
"SimForest","T11","Cyrtodactylus consobrinus","Species"
"SimForest","T11","Cyrtodactylus consobrinus","Species"
"SimForest","T11","Calotes versicolor","Species"
"SimForest","T11","Calotes versicolor","Species"
"SimForest","T11","Calotes versicolor","Species"
"SimForest","T11","Calotes versicolor","Species"
"SimForest","T11","Calotes versicolor","Species"
"SimForest","T11","Ptychozoon kuhli","Species"
"SimForest","T11","Ptychozoon kuhli","Species"
"SimForest","T11","Ptychozoon kuhli","Species"
"SimForest","T11","Ptychozoon kuhli","Species"
"SimForest","T11","Ptychozoon kuhli","Species"
"SimForest","T11","Ptychozoon kuhli","Species"
"SimForest","T11","Ptychozoon kuhli","Species"
"SimForest","T11","Ptychozoon kuhli","Species"
"SimForest","T11","Ptychozoon kuhli","Species"
"SimForest","T11","Ptychozoon kuhli","Species"
"SimForest","T11","Ptychozoon kuhli","Species"
"SimForest","T11","Ptychozoon kuhli","Species"
"SimForest","T11","Limnonectes kuhlii","Species"
"SimForest","T11","Limnonectes kuhlii","Species"
"SimForest","T11","Limnonectes kuhlii","Species"
"SimForest","T11","Limnonectes kuhlii","Species"
"SimForest","T11","Limnonectes kuhlii","Species"
"SimForest","T11","Limnonectes kuhlii","Species"
"SimForest","T11","Limnonectes kuhlii","Species"
"SimForest","T11","Limnonectes kuhlii","Species"
"SimForest","T11","Polypedates leucomystax","Species"
"SimForest","T11","Polypedates leucomystax","Species"
"SimForest","T11","Polypedates leucomystax","Species"
"SimForest","T11","Polypedates leucomystax","Species"
"SimForest","T11","Polypedates leucomystax","Species"
"SimForest","T11","Polypedates leucomystax","Species"
"SimForest","T11","Polypedates leucomystax","Species"
"SimForest","T11","Rhacophorus reinwardtii","Species"
"SimForest","T11","Rhacophorus reinwardtii","Species"
"SimForest","T11","Rhacophorus reinwardtii","Species"
"SimForest","T11","Rhacophorus reinwardtii","Species"
"SimForest","T11","Rhacophorus reinwardtii","Species"
"SimForest","T11","Rhacophorus reinwardtii","Species"
"SimForest","T11","Rhacophorus reinwardtii","Species"
"SimForest","T11","Rhacophorus reinwardtii","Species"
"SimForest","T11","Rhacophorus reinwardtii","Species"
"SimForest","T11","Megophrys nasuta","Species"
"SimForest","T11","Megophrys nasuta","Species"
"SimForest","T11","Megophrys nasuta","Species"
"SimForest","T11","Megophrys nasuta","Species"
"SimForest","T11","Megophrys nasuta","Species"
"SimForest","T11","Megophrys nasuta","Species"
"SimForest","T11","Megophrys nasuta","Species"
"SimForest","T11","Duttaphrynus melanostictus","Species"
"SimForest","T11","Duttaphrynus melanostictus","Species"
"SimForest","T11","Duttaphrynus melanostictus","Species"
"SimForest","T11","Duttaphrynus melanostictus","Species"
"SimForest","T11","Duttaphrynus melanostictus","Species"
"SimForest","T11","Python reticulatus","Species"
"SimForest","T11","Python reticulatus","Species"
"SimForest","T11","Python reticulatus","Species"
"SimForest","T11","Python reticulatus","Species"
"SimForest","T11","Ahaetulla prasina","Species"
"SimForest","T11","Ahaetulla prasina","Species"
"SimForest","T11","Ahaetulla prasina","Species"
"SimForest","T11","Ahaetulla prasina","Species"
"SimForest","T11","Ahaetulla prasina","Species"
"SimForest","T11","Ahaetulla prasina","Species"
"SimForest","T11","Ahaetulla prasina","Species"
"SimForest","T11","Ahaetulla prasina","Species"
"SimForest","T11","Ahaetulla prasina","Species"
"SimForest","T11","Ahaetulla prasina","Species"
"SimForest","T11","Ahaetulla prasina","Species"
"SimForest","T11","Ahaetulla prasina","Species"
"SimForest","T11","Boiga dendrophila","Species"
"SimForest","T11","Boiga dendrophila","Species"
"SimForest","T11","Boiga dendrophila","Species"
"SimForest","T11","Tropidolaemus wagleri","Species"
"SimForest","T11","Tropidolaemus wagleri","Species"
"SimForest","T11","Tropidolaemus wagleri","Species"
"SimForest","T11","Tropidolaemus wagleri","Species"
"SimForest","T11","Tropidolaemus wagleri","Species"
"SimForest","T11","Tropidolaemus wagleri","Species"
"SimForest","T11","Tropidolaemus wagleri","Species"
"SimForest","T11","Tropidolaemus wagleri","Species"
"SimForest","T11","Tropidolaemus wagleri","Species"
"SimForest","T11","Naja sputatrix","Species"
"SimForest","T11","Naja sputatrix","Species"
"SimForest","T11","Naja sputatrix","Species"
"SimForest","T11","Naja sputatrix","Species"
"SimForest","T11","Naja sputatrix","Species"
"SimForest","T11","Naja sputatrix","Species"
"SimForest","T11","Naja sputatrix","Species"
"SimForest","T11","Chalcorana raniceps","Species"
"SimForest","T11","Chalcorana raniceps","Species"
"SimForest","T11","Chalcorana raniceps","Species"
"SimForest","T11","Chalcorana raniceps","Species"
"SimForest","T11","Chalcorana raniceps","Species"
"SimForest","T11","Chalcorana raniceps","Species"
"SimForest","T11","Gekko gecko","Species"
"SimForest","T11","Gekko gecko","Species"
"SimForest","T11","Gekko gecko","Species"
"SimForest","T11","Gekko gecko","Species"
"SimForest","T11","Gekko gecko","Species"
"SimForest","T11","Gekko gecko","Species"
"SimForest","T11","Gekko gecko","Species"
"SimForest","T11","Gekko gecko","Species"
"SimForest","T11","Gekko gecko","Species"
"SimForest","T11","Gekko gecko","Species"
"SimForest","T11","Eutropis multifasciata","Species"
"SimForest","T11","Eutropis multifasciata","Species"
"SimForest","T11","Eutropis multifasciata","Species"
"SimForest","T11","Eutropis multifasciata","Species"
"SimForest","T11","Eutropis multifasciata","Species"
"SimForest","T11","Eutropis multifasciata","Species"
"SimForest","T11","Eutropis multifasciata","Species"
"SimForest","T11","Eutropis multifasciata","Species"
"SimForest","T11","Eutropis multifasciata","Species"
"SimForest","T11","Eutropis multifasciata","Species"
"SimForest","T11","Eutropis multifasciata","Species"
"SimForest","T12","Bronchocela cristatella","Species"
"SimForest","T12","Bronchocela cristatella","Species"
"SimForest","T12","Bronchocela cristatella","Species"
"SimForest","T12","Bronchocela cristatella","Species"
"SimForest","T12","Bronchocela cristatella","Species"
"SimForest","T12","Bronchocela cristatella","Species"
"SimForest","T12","Bronchocela cristatella","Species"
"SimForest","T12","Bronchocela cristatella","Species"
"SimForest","T12","Bronchocela cristatella","Species"
"SimForest","T12","Bronchocela cristatella","Species"
"SimForest","T12","Bronchocela cristatella","Species"
"SimForest","T12","Draco volans","Species"
"SimForest","T12","Draco volans","Species"
"SimForest","T12","Draco volans","Species"
"SimForest","T12","Draco volans","Species"
"SimForest","T12","Draco volans","Species"
"SimForest","T12","Draco volans","Species"
"SimForest","T12","Draco volans","Species"
"SimForest","T12","Draco volans","Species"
"SimForest","T12","Gonocephalus liogaster","Species"
"SimForest","T12","Gonocephalus liogaster","Species"
"SimForest","T12","Gonocephalus liogaster","Species"
"SimForest","T12","Gonocephalus liogaster","Species"
"SimForest","T12","Gonocephalus liogaster","Species"
"SimForest","T12","Gonocephalus liogaster","Species"
"SimForest","T12","Varanus salvator","Species"
"SimForest","T12","Varanus salvator","Species"
"SimForest","T12","Varanus salvator","Species"
"SimForest","T12","Varanus salvator","Species"
"SimForest","T12","Varanus salvator","Species"
"SimForest","T12","Varanus salvator","Species"
"SimForest","T12","Varanus salvator","Species"
"SimForest","T12","Varanus salvator","Species"
"SimForest","T12","Varanus salvator","Species"
"SimForest","T12","Varanus salvator","Species"
"SimForest","T12","Cyrtodactylus consobrinus","Species"
"SimForest","T12","Cyrtodactylus consobrinus","Species"
"SimForest","T12","Cyrtodactylus consobrinus","Species"
"SimForest","T12","Cyrtodactylus consobrinus","Species"
"SimForest","T12","Cyrtodactylus consobrinus","Species"
"SimForest","T12","Cyrtodactylus consobrinus","Species"
"SimForest","T12","Cyrtodactylus consobrinus","Species"
"SimForest","T12","Cyrtodactylus consobrinus","Species"
"SimForest","T12","Cyrtodactylus consobrinus","Species"
"SimForest","T12","Cyrtodactylus consobrinus","Species"
"SimForest","T12","Cyrtodactylus consobrinus","Species"
"SimForest","T12","Calotes versicolor","Species"
"SimForest","T12","Calotes versicolor","Species"
"SimForest","T12","Calotes versicolor","Species"
"SimForest","T12","Calotes versicolor","Species"
"SimForest","T12","Calotes versicolor","Species"
"SimForest","T12","Ptychozoon kuhli","Species"
"SimForest","T12","Ptychozoon kuhli","Species"
"SimForest","T12","Ptychozoon kuhli","Species"
"SimForest","T12","Ptychozoon kuhli","Species"
"SimForest","T12","Ptychozoon kuhli","Species"
"SimForest","T12","Ptychozoon kuhli","Species"
"SimForest","T12","Ptychozoon kuhli","Species"
"SimForest","T12","Ptychozoon kuhli","Species"
"SimForest","T12","Ptychozoon kuhli","Species"
"SimForest","T12","Ptychozoon kuhli","Species"
"SimForest","T12","Ptychozoon kuhli","Species"
"SimForest","T12","Ptychozoon kuhli","Species"
"SimForest","T12","Limnonectes kuhlii","Species"
"SimForest","T12","Limnonectes kuhlii","Species"
"SimForest","T12","Limnonectes kuhlii","Species"
"SimForest","T12","Limnonectes kuhlii","Species"
"SimForest","T12","Limnonectes kuhlii","Species"
"SimForest","T12","Limnonectes kuhlii","Species"
"SimForest","T12","Limnonectes kuhlii","Species"
"SimForest","T12","Limnonectes kuhlii","Species"
"SimForest","T12","Polypedates leucomystax","Species"
"SimForest","T12","Polypedates leucomystax","Species"
"SimForest","T12","Polypedates leucomystax","Species"
"SimForest","T12","Polypedates leucomystax","Species"
"SimForest","T12","Polypedates leucomystax","Species"
"SimForest","T12","Polypedates leucomystax","Species"
"SimForest","T12","Polypedates leucomystax","Species"
"SimForest","T12","Polypedates leucomystax","Species"
"SimForest","T12","Rhacophorus reinwardtii","Species"
"SimForest","T12","Rhacophorus reinwardtii","Species"
"SimForest","T12","Rhacophorus reinwardtii","Species"
"SimForest","T12","Rhacophorus reinwardtii","Species"
"SimForest","T12","Rhacophorus reinwardtii","Species"
"SimForest","T12","Rhacophorus reinwardtii","Species"
"SimForest","T12","Rhacophorus reinwardtii","Species"
"SimForest","T12","Megophrys nasuta","Species"
"SimForest","T12","Megophrys nasuta","Species"
"SimForest","T12","Megophrys nasuta","Species"
"SimForest","T12","Megophrys nasuta","Species"
"SimForest","T12","Megophrys nasuta","Species"
"SimForest","T12","Megophrys nasuta","Species"
"SimForest","T12","Megophrys nasuta","Species"
"SimForest","T12","Megophrys nasuta","Species"
"SimForest","T12","Megophrys nasuta","Species"
"SimForest","T12","Megophrys nasuta","Species"
"SimForest","T12","Megophrys nasuta","Species"
"SimForest","T12","Megophrys nasuta","Species"
"SimForest","T12","Megophrys nasuta","Species"
"SimForest","T12","Megophrys nasuta","Species"
"SimForest","T12","Megophrys nasuta","Species"
"SimForest","T12","Duttaphrynus melanostictus","Species"
"SimForest","T12","Duttaphrynus melanostictus","Species"
"SimForest","T12","Duttaphrynus melanostictus","Species"
"SimForest","T12","Duttaphrynus melanostictus","Species"
"SimForest","T12","Duttaphrynus melanostictus","Species"
"SimForest","T12","Python reticulatus","Species"
"SimForest","T12","Python reticulatus","Species"
"SimForest","T12","Python reticulatus","Species"
"SimForest","T12","Ahaetulla prasina","Species"
"SimForest","T12","Ahaetulla prasina","Species"
"SimForest","T12","Ahaetulla prasina","Species"
"SimForest","T12","Ahaetulla prasina","Species"
"SimForest","T12","Ahaetulla prasina","Species"
"SimForest","T12","Ahaetulla prasina","Species"
"SimForest","T12","Ahaetulla prasina","Species"
"SimForest","T12","Ahaetulla prasina","Species"
"SimForest","T12","Ahaetulla prasina","Species"
"SimForest","T12","Ahaetulla prasina","Species"
"SimForest","T12","Ahaetulla prasina","Species"
"SimForest","T12","Boiga dendrophila","Species"
"SimForest","T12","Boiga dendrophila","Species"
"SimForest","T12","Boiga dendrophila","Species"
"SimForest","T12","Boiga dendrophila","Species"
"SimForest","T12","Boiga dendrophila","Species"
"SimForest","T12","Tropidolaemus wagleri","Species"
"SimForest","T12","Tropidolaemus wagleri","Species"
"SimForest","T12","Tropidolaemus wagleri","Species"
"SimForest","T12","Tropidolaemus wagleri","Species"
"SimForest","T12","Tropidolaemus wagleri","Species"
"SimForest","T12","Tropidolaemus wagleri","Species"
"SimForest","T12","Tropidolaemus wagleri","Species"
"SimForest","T12","Tropidolaemus wagleri","Species"
"SimForest","T12","Tropidolaemus wagleri","Species"
"SimForest","T12","Tropidolaemus wagleri","Species"
"SimForest","T12","Tropidolaemus wagleri","Species"
"SimForest","T12","Naja sputatrix","Species"
"SimForest","T12","Naja sputatrix","Species"
"SimForest","T12","Naja sputatrix","Species"
"SimForest","T12","Naja sputatrix","Species"
"SimForest","T12","Naja sputatrix","Species"
"SimForest","T12","Naja sputatrix","Species"
"SimForest","T12","Naja sputatrix","Species"
"SimForest","T12","Naja sputatrix","Species"
"SimForest","T12","Chalcorana raniceps","Species"
"SimForest","T12","Chalcorana raniceps","Species"
"SimForest","T12","Chalcorana raniceps","Species"
"SimForest","T12","Chalcorana raniceps","Species"
"SimForest","T12","Chalcorana raniceps","Species"
"SimForest","T12","Chalcorana raniceps","Species"
"SimForest","T12","Gekko gecko","Species"
"SimForest","T12","Gekko gecko","Species"
"SimForest","T12","Gekko gecko","Species"
"SimForest","T12","Gekko gecko","Species"
"SimForest","T12","Gekko gecko","Species"
"SimForest","T12","Gekko gecko","Species"
"SimForest","T12","Gekko gecko","Species"
"SimForest","T12","Eutropis multifasciata","Species"
"SimForest","T12","Eutropis multifasciata","Species"
"SimForest","T12","Eutropis multifasciata","Species"
"SimForest","T12","Eutropis multifasciata","Species"
"SimForest","T12","Eutropis multifasciata","Species"
"SimForest","T12","Eutropis multifasciata","Species"
"SimForest","T12","Eutropis multifasciata","Species"
"SimForest","T12","Eutropis multifasciata","Species"
"SimForest","T13","Bronchocela cristatella","Species"
"SimForest","T13","Bronchocela cristatella","Species"
"SimForest","T13","Bronchocela cristatella","Species"
"SimForest","T13","Bronchocela cristatella","Species"
"SimForest","T13","Bronchocela cristatella","Species"
"SimForest","T13","Bronchocela cristatella","Species"
"SimForest","T13","Bronchocela cristatella","Species"
"SimForest","T13","Bronchocela cristatella","Species"
"SimForest","T13","Bronchocela cristatella","Species"
"SimForest","T13","Draco volans","Species"
"SimForest","T13","Draco volans","Species"
"SimForest","T13","Draco volans","Species"
"SimForest","T13","Draco volans","Species"
"SimForest","T13","Draco volans","Species"
"SimForest","T13","Draco volans","Species"
"SimForest","T13","Gonocephalus liogaster","Species"
"SimForest","T13","Gonocephalus liogaster","Species"
"SimForest","T13","Gonocephalus liogaster","Species"
"SimForest","T13","Varanus salvator","Species"
"SimForest","T13","Varanus salvator","Species"
"SimForest","T13","Varanus salvator","Species"
"SimForest","T13","Varanus salvator","Species"
"SimForest","T13","Varanus salvator","Species"
"SimForest","T13","Varanus salvator","Species"
"SimForest","T13","Cyrtodactylus consobrinus","Species"
"SimForest","T13","Cyrtodactylus consobrinus","Species"
"SimForest","T13","Cyrtodactylus consobrinus","Species"
"SimForest","T13","Cyrtodactylus consobrinus","Species"
"SimForest","T13","Cyrtodactylus consobrinus","Species"
"SimForest","T13","Cyrtodactylus consobrinus","Species"
"SimForest","T13","Cyrtodactylus consobrinus","Species"
"SimForest","T13","Cyrtodactylus consobrinus","Species"
"SimForest","T13","Cyrtodactylus consobrinus","Species"
"SimForest","T13","Calotes versicolor","Species"
"SimForest","T13","Calotes versicolor","Species"
"SimForest","T13","Calotes versicolor","Species"
"SimForest","T13","Calotes versicolor","Species"
"SimForest","T13","Calotes versicolor","Species"
"SimForest","T13","Calotes versicolor","Species"
"SimForest","T13","Ptychozoon kuhli","Species"
"SimForest","T13","Ptychozoon kuhli","Species"
"SimForest","T13","Ptychozoon kuhli","Species"
"SimForest","T13","Ptychozoon kuhli","Species"
"SimForest","T13","Ptychozoon kuhli","Species"
"SimForest","T13","Ptychozoon kuhli","Species"
"SimForest","T13","Ptychozoon kuhli","Species"
"SimForest","T13","Ptychozoon kuhli","Species"
"SimForest","T13","Limnonectes kuhlii","Species"
"SimForest","T13","Limnonectes kuhlii","Species"
"SimForest","T13","Limnonectes kuhlii","Species"
"SimForest","T13","Limnonectes kuhlii","Species"
"SimForest","T13","Limnonectes kuhlii","Species"
"SimForest","T13","Limnonectes kuhlii","Species"
"SimForest","T13","Limnonectes kuhlii","Species"
"SimForest","T13","Limnonectes kuhlii","Species"
"SimForest","T13","Limnonectes kuhlii","Species"
"SimForest","T13","Limnonectes kuhlii","Species"
"SimForest","T13","Limnonectes kuhlii","Species"
"SimForest","T13","Limnonectes kuhlii","Species"
"SimForest","T13","Limnonectes kuhlii","Species"
"SimForest","T13","Limnonectes kuhlii","Species"
"SimForest","T13","Polypedates leucomystax","Species"
"SimForest","T13","Polypedates leucomystax","Species"
"SimForest","T13","Polypedates leucomystax","Species"
"SimForest","T13","Polypedates leucomystax","Species"
"SimForest","T13","Polypedates leucomystax","Species"
"SimForest","T13","Polypedates leucomystax","Species"
"SimForest","T13","Polypedates leucomystax","Species"
"SimForest","T13","Polypedates leucomystax","Species"
"SimForest","T13","Polypedates leucomystax","Species"
"SimForest","T13","Polypedates leucomystax","Species"
"SimForest","T13","Polypedates leucomystax","Species"
"SimForest","T13","Polypedates leucomystax","Species"
"SimForest","T13","Rhacophorus reinwardtii","Species"
"SimForest","T13","Rhacophorus reinwardtii","Species"
"SimForest","T13","Rhacophorus reinwardtii","Species"
"SimForest","T13","Rhacophorus reinwardtii","Species"
"SimForest","T13","Rhacophorus reinwardtii","Species"
"SimForest","T13","Rhacophorus reinwardtii","Species"
"SimForest","T13","Rhacophorus reinwardtii","Species"
"SimForest","T13","Rhacophorus reinwardtii","Species"
"SimForest","T13","Megophrys nasuta","Species"
"SimForest","T13","Megophrys nasuta","Species"
"SimForest","T13","Megophrys nasuta","Species"
"SimForest","T13","Megophrys nasuta","Species"
"SimForest","T13","Megophrys nasuta","Species"
"SimForest","T13","Megophrys nasuta","Species"
"SimForest","T13","Megophrys nasuta","Species"
"SimForest","T13","Duttaphrynus melanostictus","Species"
"SimForest","T13","Duttaphrynus melanostictus","Species"
"SimForest","T13","Duttaphrynus melanostictus","Species"
"SimForest","T13","Duttaphrynus melanostictus","Species"
"SimForest","T13","Duttaphrynus melanostictus","Species"
"SimForest","T13","Duttaphrynus melanostictus","Species"
"SimForest","T13","Duttaphrynus melanostictus","Species"
"SimForest","T13","Duttaphrynus melanostictus","Species"
"SimForest","T13","Python reticulatus","Species"
"SimForest","T13","Python reticulatus","Species"
"SimForest","T13","Python reticulatus","Species"
"SimForest","T13","Python reticulatus","Species"
"SimForest","T13","Ahaetulla prasina","Species"
"SimForest","T13","Ahaetulla prasina","Species"
"SimForest","T13","Ahaetulla prasina","Species"
"SimForest","T13","Ahaetulla prasina","Species"
"SimForest","T13","Ahaetulla prasina","Species"
"SimForest","T13","Ahaetulla prasina","Species"
"SimForest","T13","Ahaetulla prasina","Species"
"SimForest","T13","Ahaetulla prasina","Species"
"SimForest","T13","Boiga dendrophila","Species"
"SimForest","T13","Boiga dendrophila","Species"
"SimForest","T13","Boiga dendrophila","Species"
"SimForest","T13","Boiga dendrophila","Species"
"SimForest","T13","Tropidolaemus wagleri","Species"
"SimForest","T13","Tropidolaemus wagleri","Species"
"SimForest","T13","Tropidolaemus wagleri","Species"
"SimForest","T13","Tropidolaemus wagleri","Species"
"SimForest","T13","Tropidolaemus wagleri","Species"
"SimForest","T13","Tropidolaemus wagleri","Species"
"SimForest","T13","Tropidolaemus wagleri","Species"
"SimForest","T13","Tropidolaemus wagleri","Species"
"SimForest","T13","Tropidolaemus wagleri","Species"
"SimForest","T13","Tropidolaemus wagleri","Species"
"SimForest","T13","Tropidolaemus wagleri","Species"
"SimForest","T13","Tropidolaemus wagleri","Species"
"SimForest","T13","Naja sputatrix","Species"
"SimForest","T13","Naja sputatrix","Species"
"SimForest","T13","Naja sputatrix","Species"
"SimForest","T13","Naja sputatrix","Species"
"SimForest","T13","Naja sputatrix","Species"
"SimForest","T13","Naja sputatrix","Species"
"SimForest","T13","Naja sputatrix","Species"
"SimForest","T13","Chalcorana raniceps","Species"
"SimForest","T13","Chalcorana raniceps","Species"
"SimForest","T13","Chalcorana raniceps","Species"
"SimForest","T13","Chalcorana raniceps","Species"
"SimForest","T13","Chalcorana raniceps","Species"
"SimForest","T13","Gekko gecko","Species"
"SimForest","T13","Gekko gecko","Species"
"SimForest","T13","Gekko gecko","Species"
"SimForest","T13","Gekko gecko","Species"
"SimForest","T13","Gekko gecko","Species"
"SimForest","T13","Gekko gecko","Species"
"SimForest","T13","Gekko gecko","Species"
"SimForest","T13","Gekko gecko","Species"
"SimForest","T13","Gekko gecko","Species"
"SimForest","T13","Gekko gecko","Species"
"SimForest","T13","Eutropis multifasciata","Species"
"SimForest","T13","Eutropis multifasciata","Species"
"SimForest","T13","Eutropis multifasciata","Species"
"SimForest","T13","Eutropis multifasciata","Species"
"SimForest","T13","Eutropis multifasciata","Species"
"SimForest","T13","Eutropis multifasciata","Species"
"SimForest","T13","Eutropis multifasciata","Species"
"SimForest","T14","Bronchocela cristatella","Species"
"SimForest","T14","Bronchocela cristatella","Species"
"SimForest","T14","Bronchocela cristatella","Species"
"SimForest","T14","Bronchocela cristatella","Species"
"SimForest","T14","Bronchocela cristatella","Species"
"SimForest","T14","Bronchocela cristatella","Species"
"SimForest","T14","Bronchocela cristatella","Species"
"SimForest","T14","Bronchocela cristatella","Species"
"SimForest","T14","Bronchocela cristatella","Species"
"SimForest","T14","Bronchocela cristatella","Species"
"SimForest","T14","Bronchocela cristatella","Species"
"SimForest","T14","Bronchocela cristatella","Species"
"SimForest","T14","Bronchocela cristatella","Species"
"SimForest","T14","Bronchocela cristatella","Species"
"SimForest","T14","Draco volans","Species"
"SimForest","T14","Draco volans","Species"
"SimForest","T14","Draco volans","Species"
"SimForest","T14","Draco volans","Species"
"SimForest","T14","Draco volans","Species"
"SimForest","T14","Draco volans","Species"
"SimForest","T14","Draco volans","Species"
"SimForest","T14","Gonocephalus liogaster","Species"
"SimForest","T14","Gonocephalus liogaster","Species"
"SimForest","T14","Gonocephalus liogaster","Species"
"SimForest","T14","Varanus salvator","Species"
"SimForest","T14","Varanus salvator","Species"
"SimForest","T14","Varanus salvator","Species"
"SimForest","T14","Varanus salvator","Species"
"SimForest","T14","Varanus salvator","Species"
"SimForest","T14","Cyrtodactylus consobrinus","Species"
"SimForest","T14","Cyrtodactylus consobrinus","Species"
"SimForest","T14","Cyrtodactylus consobrinus","Species"
"SimForest","T14","Cyrtodactylus consobrinus","Species"
"SimForest","T14","Calotes versicolor","Species"
"SimForest","T14","Calotes versicolor","Species"
"SimForest","T14","Calotes versicolor","Species"
"SimForest","T14","Calotes versicolor","Species"
"SimForest","T14","Calotes versicolor","Species"
"SimForest","T14","Calotes versicolor","Species"
"SimForest","T14","Ptychozoon kuhli","Species"
"SimForest","T14","Ptychozoon kuhli","Species"
"SimForest","T14","Ptychozoon kuhli","Species"
"SimForest","T14","Ptychozoon kuhli","Species"
"SimForest","T14","Ptychozoon kuhli","Species"
"SimForest","T14","Ptychozoon kuhli","Species"
"SimForest","T14","Ptychozoon kuhli","Species"
"SimForest","T14","Ptychozoon kuhli","Species"
"SimForest","T14","Ptychozoon kuhli","Species"
"SimForest","T14","Ptychozoon kuhli","Species"
"SimForest","T14","Limnonectes kuhlii","Species"
"SimForest","T14","Limnonectes kuhlii","Species"
"SimForest","T14","Limnonectes kuhlii","Species"
"SimForest","T14","Limnonectes kuhlii","Species"
"SimForest","T14","Limnonectes kuhlii","Species"
"SimForest","T14","Limnonectes kuhlii","Species"
"SimForest","T14","Limnonectes kuhlii","Species"
"SimForest","T14","Limnonectes kuhlii","Species"
"SimForest","T14","Limnonectes kuhlii","Species"
"SimForest","T14","Polypedates leucomystax","Species"
"SimForest","T14","Polypedates leucomystax","Species"
"SimForest","T14","Polypedates leucomystax","Species"
"SimForest","T14","Polypedates leucomystax","Species"
"SimForest","T14","Polypedates leucomystax","Species"
"SimForest","T14","Polypedates leucomystax","Species"
"SimForest","T14","Polypedates leucomystax","Species"
"SimForest","T14","Polypedates leucomystax","Species"
"SimForest","T14","Polypedates leucomystax","Species"
"SimForest","T14","Polypedates leucomystax","Species"
"SimForest","T14","Polypedates leucomystax","Species"
"SimForest","T14","Polypedates leucomystax","Species"
"SimForest","T14","Rhacophorus reinwardtii","Species"
"SimForest","T14","Rhacophorus reinwardtii","Species"
"SimForest","T14","Rhacophorus reinwardtii","Species"
"SimForest","T14","Rhacophorus reinwardtii","Species"
"SimForest","T14","Megophrys nasuta","Species"
"SimForest","T14","Megophrys nasuta","Species"
"SimForest","T14","Megophrys nasuta","Species"
"SimForest","T14","Megophrys nasuta","Species"
"SimForest","T14","Megophrys nasuta","Species"
"SimForest","T14","Megophrys nasuta","Species"
"SimForest","T14","Megophrys nasuta","Species"
"SimForest","T14","Megophrys nasuta","Species"
"SimForest","T14","Megophrys nasuta","Species"
"SimForest","T14","Megophrys nasuta","Species"
"SimForest","T14","Megophrys nasuta","Species"
"SimForest","T14","Megophrys nasuta","Species"
"SimForest","T14","Megophrys nasuta","Species"
"SimForest","T14","Megophrys nasuta","Species"
"SimForest","T14","Duttaphrynus melanostictus","Species"
"SimForest","T14","Duttaphrynus melanostictus","Species"
"SimForest","T14","Duttaphrynus melanostictus","Species"
"SimForest","T14","Python reticulatus","Species"
"SimForest","T14","Python reticulatus","Species"
"SimForest","T14","Ahaetulla prasina","Species"
"SimForest","T14","Ahaetulla prasina","Species"
"SimForest","T14","Ahaetulla prasina","Species"
"SimForest","T14","Ahaetulla prasina","Species"
"SimForest","T14","Ahaetulla prasina","Species"
"SimForest","T14","Ahaetulla prasina","Species"
"SimForest","T14","Ahaetulla prasina","Species"
"SimForest","T14","Ahaetulla prasina","Species"
"SimForest","T14","Boiga dendrophila","Species"
"SimForest","T14","Boiga dendrophila","Species"
"SimForest","T14","Tropidolaemus wagleri","Species"
"SimForest","T14","Tropidolaemus wagleri","Species"
"SimForest","T14","Tropidolaemus wagleri","Species"
"SimForest","T14","Tropidolaemus wagleri","Species"
"SimForest","T14","Tropidolaemus wagleri","Species"
"SimForest","T14","Tropidolaemus wagleri","Species"
"SimForest","T14","Tropidolaemus wagleri","Species"
"SimForest","T14","Tropidolaemus wagleri","Species"
"SimForest","T14","Tropidolaemus wagleri","Species"
"SimForest","T14","Tropidolaemus wagleri","Species"
"SimForest","T14","Tropidolaemus wagleri","Species"
"SimForest","T14","Tropidolaemus wagleri","Species"
"SimForest","T14","Tropidolaemus wagleri","Species"
"SimForest","T14","Tropidolaemus wagleri","Species"
"SimForest","T14","Tropidolaemus wagleri","Species"
"SimForest","T14","Naja sputatrix","Species"
"SimForest","T14","Naja sputatrix","Species"
"SimForest","T14","Naja sputatrix","Species"
"SimForest","T14","Naja sputatrix","Species"
"SimForest","T14","Naja sputatrix","Species"
"SimForest","T14","Naja sputatrix","Species"
"SimForest","T14","Naja sputatrix","Species"
"SimForest","T14","Naja sputatrix","Species"
"SimForest","T14","Chalcorana raniceps","Species"
"SimForest","T14","Chalcorana raniceps","Species"
"SimForest","T14","Chalcorana raniceps","Species"
"SimForest","T14","Gekko gecko","Species"
"SimForest","T14","Gekko gecko","Species"
"SimForest","T14","Gekko gecko","Species"
"SimForest","T14","Gekko gecko","Species"
"SimForest","T14","Gekko gecko","Species"
"SimForest","T14","Gekko gecko","Species"
"SimForest","T14","Gekko gecko","Species"
"SimForest","T14","Gekko gecko","Species"
"SimForest","T14","Eutropis multifasciata","Species"
"SimForest","T14","Eutropis multifasciata","Species"
"SimForest","T14","Eutropis multifasciata","Species"
"SimForest","T15","Bronchocela cristatella","Species"
"SimForest","T15","Bronchocela cristatella","Species"
"SimForest","T15","Bronchocela cristatella","Species"
"SimForest","T15","Bronchocela cristatella","Species"
"SimForest","T15","Bronchocela cristatella","Species"
"SimForest","T15","Bronchocela cristatella","Species"
"SimForest","T15","Bronchocela cristatella","Species"
"SimForest","T15","Bronchocela cristatella","Species"
"SimForest","T15","Bronchocela cristatella","Species"
"SimForest","T15","Bronchocela cristatella","Species"
"SimForest","T15","Bronchocela cristatella","Species"
"SimForest","T15","Bronchocela cristatella","Species"
"SimForest","T15","Bronchocela cristatella","Species"
"SimForest","T15","Bronchocela cristatella","Species"
"SimForest","T15","Bronchocela cristatella","Species"
"SimForest","T15","Bronchocela cristatella","Species"
"SimForest","T15","Bronchocela cristatella","Species"
"SimForest","T15","Draco volans","Species"
"SimForest","T15","Draco volans","Species"
"SimForest","T15","Draco volans","Species"
"SimForest","T15","Draco volans","Species"
"SimForest","T15","Draco volans","Species"
"SimForest","T15","Draco volans","Species"
"SimForest","T15","Draco volans","Species"
"SimForest","T15","Draco volans","Species"
"SimForest","T15","Gonocephalus liogaster","Species"
"SimForest","T15","Gonocephalus liogaster","Species"
"SimForest","T15","Gonocephalus liogaster","Species"
"SimForest","T15","Gonocephalus liogaster","Species"
"SimForest","T15","Gonocephalus liogaster","Species"
"SimForest","T15","Gonocephalus liogaster","Species"
"SimForest","T15","Gonocephalus liogaster","Species"
"SimForest","T15","Gonocephalus liogaster","Species"
"SimForest","T15","Gonocephalus liogaster","Species"
"SimForest","T15","Varanus salvator","Species"
"SimForest","T15","Varanus salvator","Species"
"SimForest","T15","Varanus salvator","Species"
"SimForest","T15","Varanus salvator","Species"
"SimForest","T15","Varanus salvator","Species"
"SimForest","T15","Varanus salvator","Species"
"SimForest","T15","Varanus salvator","Species"
"SimForest","T15","Varanus salvator","Species"
"SimForest","T15","Varanus salvator","Species"
"SimForest","T15","Varanus salvator","Species"
"SimForest","T15","Varanus salvator","Species"
"SimForest","T15","Varanus salvator","Species"
"SimForest","T15","Varanus salvator","Species"
"SimForest","T15","Varanus salvator","Species"
"SimForest","T15","Cyrtodactylus consobrinus","Species"
"SimForest","T15","Cyrtodactylus consobrinus","Species"
"SimForest","T15","Cyrtodactylus consobrinus","Species"
"SimForest","T15","Cyrtodactylus consobrinus","Species"
"SimForest","T15","Cyrtodactylus consobrinus","Species"
"SimForest","T15","Cyrtodactylus consobrinus","Species"
"SimForest","T15","Cyrtodactylus consobrinus","Species"
"SimForest","T15","Calotes versicolor","Species"
"SimForest","T15","Calotes versicolor","Species"
"SimForest","T15","Calotes versicolor","Species"
"SimForest","T15","Calotes versicolor","Species"
"SimForest","T15","Calotes versicolor","Species"
"SimForest","T15","Ptychozoon kuhli","Species"
"SimForest","T15","Ptychozoon kuhli","Species"
"SimForest","T15","Ptychozoon kuhli","Species"
"SimForest","T15","Ptychozoon kuhli","Species"
"SimForest","T15","Ptychozoon kuhli","Species"
"SimForest","T15","Ptychozoon kuhli","Species"
"SimForest","T15","Ptychozoon kuhli","Species"
"SimForest","T15","Ptychozoon kuhli","Species"
"SimForest","T15","Ptychozoon kuhli","Species"
"SimForest","T15","Ptychozoon kuhli","Species"
"SimForest","T15","Ptychozoon kuhli","Species"
"SimForest","T15","Ptychozoon kuhli","Species"
"SimForest","T15","Limnonectes kuhlii","Species"
"SimForest","T15","Limnonectes kuhlii","Species"
"SimForest","T15","Limnonectes kuhlii","Species"
"SimForest","T15","Limnonectes kuhlii","Species"
"SimForest","T15","Limnonectes kuhlii","Species"
"SimForest","T15","Limnonectes kuhlii","Species"
"SimForest","T15","Limnonectes kuhlii","Species"
"SimForest","T15","Limnonectes kuhlii","Species"
"SimForest","T15","Limnonectes kuhlii","Species"
"SimForest","T15","Limnonectes kuhlii","Species"
"SimForest","T15","Polypedates leucomystax","Species"
"SimForest","T15","Polypedates leucomystax","Species"
"SimForest","T15","Polypedates leucomystax","Species"
"SimForest","T15","Polypedates leucomystax","Species"
"SimForest","T15","Polypedates leucomystax","Species"
"SimForest","T15","Polypedates leucomystax","Species"
"SimForest","T15","Polypedates leucomystax","Species"
"SimForest","T15","Polypedates leucomystax","Species"
"SimForest","T15","Polypedates leucomystax","Species"
"SimForest","T15","Polypedates leucomystax","Species"
"SimForest","T15","Rhacophorus reinwardtii","Species"
"SimForest","T15","Rhacophorus reinwardtii","Species"
"SimForest","T15","Rhacophorus reinwardtii","Species"
"SimForest","T15","Rhacophorus reinwardtii","Species"
"SimForest","T15","Rhacophorus reinwardtii","Species"
"SimForest","T15","Rhacophorus reinwardtii","Species"
"SimForest","T15","Rhacophorus reinwardtii","Species"
"SimForest","T15","Rhacophorus reinwardtii","Species"
"SimForest","T15","Rhacophorus reinwardtii","Species"
"SimForest","T15","Megophrys nasuta","Species"
"SimForest","T15","Megophrys nasuta","Species"
"SimForest","T15","Megophrys nasuta","Species"
"SimForest","T15","Megophrys nasuta","Species"
"SimForest","T15","Megophrys nasuta","Species"
"SimForest","T15","Megophrys nasuta","Species"
"SimForest","T15","Megophrys nasuta","Species"
"SimForest","T15","Megophrys nasuta","Species"
"SimForest","T15","Megophrys nasuta","Species"
"SimForest","T15","Megophrys nasuta","Species"
"SimForest","T15","Megophrys nasuta","Species"
"SimForest","T15","Megophrys nasuta","Species"
"SimForest","T15","Megophrys nasuta","Species"
"SimForest","T15","Duttaphrynus melanostictus","Species"
"SimForest","T15","Duttaphrynus melanostictus","Species"
"SimForest","T15","Duttaphrynus melanostictus","Species"
"SimForest","T15","Duttaphrynus melanostictus","Species"
"SimForest","T15","Duttaphrynus melanostictus","Species"
"SimForest","T15","Duttaphrynus melanostictus","Species"
"SimForest","T15","Duttaphrynus melanostictus","Species"
"SimForest","T15","Duttaphrynus melanostictus","Species"
"SimForest","T15","Python reticulatus","Species"
"SimForest","T15","Python reticulatus","Species"
"SimForest","T15","Python reticulatus","Species"
"SimForest","T15","Ahaetulla prasina","Species"
"SimForest","T15","Ahaetulla prasina","Species"
"SimForest","T15","Ahaetulla prasina","Species"
"SimForest","T15","Ahaetulla prasina","Species"
"SimForest","T15","Ahaetulla prasina","Species"
"SimForest","T15","Ahaetulla prasina","Species"
"SimForest","T15","Ahaetulla prasina","Species"
"SimForest","T15","Ahaetulla prasina","Species"
"SimForest","T15","Ahaetulla prasina","Species"
"SimForest","T15","Ahaetulla prasina","Species"
"SimForest","T15","Ahaetulla prasina","Species"
"SimForest","T15","Ahaetulla prasina","Species"
"SimForest","T15","Boiga dendrophila","Species"
"SimForest","T15","Boiga dendrophila","Species"
"SimForest","T15","Boiga dendrophila","Species"
"SimForest","T15","Boiga dendrophila","Species"
"SimForest","T15","Tropidolaemus wagleri","Species"
"SimForest","T15","Tropidolaemus wagleri","Species"
"SimForest","T15","Tropidolaemus wagleri","Species"
"SimForest","T15","Tropidolaemus wagleri","Species"
"SimForest","T15","Tropidolaemus wagleri","Species"
"SimForest","T15","Tropidolaemus wagleri","Species"
"SimForest","T15","Tropidolaemus wagleri","Species"
"SimForest","T15","Tropidolaemus wagleri","Species"
"SimForest","T15","Tropidolaemus wagleri","Species"
"SimForest","T15","Tropidolaemus wagleri","Species"
"SimForest","T15","Naja sputatrix","Species"
"SimForest","T15","Naja sputatrix","Species"
"SimForest","T15","Naja sputatrix","Species"
"SimForest","T15","Chalcorana raniceps","Species"
"SimForest","T15","Chalcorana raniceps","Species"
"SimForest","T15","Chalcorana raniceps","Species"
"SimForest","T15","Chalcorana raniceps","Species"
"SimForest","T15","Chalcorana raniceps","Species"
"SimForest","T15","Chalcorana raniceps","Species"
"SimForest","T15","Chalcorana raniceps","Species"
"SimForest","T15","Chalcorana raniceps","Species"
"SimForest","T15","Chalcorana raniceps","Species"
"SimForest","T15","Gekko gecko","Species"
"SimForest","T15","Gekko gecko","Species"
"SimForest","T15","Gekko gecko","Species"
"SimForest","T15","Gekko gecko","Species"
"SimForest","T15","Gekko gecko","Species"
"SimForest","T15","Gekko gecko","Species"
"SimForest","T15","Gekko gecko","Species"
"SimForest","T15","Gekko gecko","Species"
"SimForest","T15","Gekko gecko","Species"
"SimForest","T15","Gekko gecko","Species"
"SimForest","T15","Gekko gecko","Species"
"SimForest","T15","Gekko gecko","Species"
"SimForest","T15","Gekko gecko","Species"
"SimForest","T15","Eutropis multifasciata","Species"
"SimForest","T15","Eutropis multifasciata","Species"
"SimForest","T15","Eutropis multifasciata","Species"
"SimForest","T15","Eutropis multifasciata","Species"
"SimForest","T15","Eutropis multifasciata","Species"
"SimForest","T15","Eutropis multifasciata","Species"
"SimForest","T15","Eutropis multifasciata","Species"
"SimForest","T15","Eutropis multifasciata","Species"
"SimForest","T15","Eutropis multifasciata","Species"
"SimForest","T15","Eutropis multifasciata","Species"
"SimForest","T16","Bronchocela cristatella","Species"
"SimForest","T16","Bronchocela cristatella","Species"
"SimForest","T16","Bronchocela cristatella","Species"
"SimForest","T16","Bronchocela cristatella","Species"
"SimForest","T16","Bronchocela cristatella","Species"
"SimForest","T16","Bronchocela cristatella","Species"
"SimForest","T16","Bronchocela cristatella","Species"
"SimForest","T16","Draco volans","Species"
"SimForest","T16","Draco volans","Species"
"SimForest","T16","Draco volans","Species"
"SimForest","T16","Draco volans","Species"
"SimForest","T16","Draco volans","Species"
"SimForest","T16","Draco volans","Species"
"SimForest","T16","Gonocephalus liogaster","Species"
"SimForest","T16","Varanus salvator","Species"
"SimForest","T16","Varanus salvator","Species"
"SimForest","T16","Varanus salvator","Species"
"SimForest","T16","Varanus salvator","Species"
"SimForest","T16","Varanus salvator","Species"
"SimForest","T16","Varanus salvator","Species"
"SimForest","T16","Cyrtodactylus consobrinus","Species"
"SimForest","T16","Cyrtodactylus consobrinus","Species"
"SimForest","T16","Calotes versicolor","Species"
"SimForest","T16","Calotes versicolor","Species"
"SimForest","T16","Calotes versicolor","Species"
"SimForest","T16","Calotes versicolor","Species"
"SimForest","T16","Ptychozoon kuhli","Species"
"SimForest","T16","Ptychozoon kuhli","Species"
"SimForest","T16","Ptychozoon kuhli","Species"
"SimForest","T16","Ptychozoon kuhli","Species"
"SimForest","T16","Limnonectes kuhlii","Species"
"SimForest","T16","Limnonectes kuhlii","Species"
"SimForest","T16","Limnonectes kuhlii","Species"
"SimForest","T16","Polypedates leucomystax","Species"
"SimForest","T16","Rhacophorus reinwardtii","Species"
"SimForest","T16","Rhacophorus reinwardtii","Species"
"SimForest","T16","Rhacophorus reinwardtii","Species"
"SimForest","T16","Rhacophorus reinwardtii","Species"
"SimForest","T16","Megophrys nasuta","Species"
"SimForest","T16","Megophrys nasuta","Species"
"SimForest","T16","Megophrys nasuta","Species"
"SimForest","T16","Megophrys nasuta","Species"
"SimForest","T16","Duttaphrynus melanostictus","Species"
"SimForest","T16","Duttaphrynus melanostictus","Species"
"SimForest","T16","Duttaphrynus melanostictus","Species"
"SimForest","T16","Python reticulatus","Species"
"SimForest","T16","Python reticulatus","Species"
"SimForest","T16","Python reticulatus","Species"
"SimForest","T16","Ahaetulla prasina","Species"
"SimForest","T16","Ahaetulla prasina","Species"
"SimForest","T16","Ahaetulla prasina","Species"
"SimForest","T16","Ahaetulla prasina","Species"
"SimForest","T16","Boiga dendrophila","Species"
"SimForest","T16","Tropidolaemus wagleri","Species"
"SimForest","T16","Tropidolaemus wagleri","Species"
"SimForest","T16","Tropidolaemus wagleri","Species"
"SimForest","T16","Naja sputatrix","Species"
"SimForest","T16","Naja sputatrix","Species"
"SimForest","T16","Naja sputatrix","Species"
"SimForest","T16","Chalcorana raniceps","Species"
"SimForest","T16","Chalcorana raniceps","Species"
"SimForest","T16","Chalcorana raniceps","Species"
"SimForest","T16","Gekko gecko","Species"
"SimForest","T16","Gekko gecko","Species"
"SimForest","T16","Gekko gecko","Species"
"SimForest","T16","Gekko gecko","Species"
"SimForest","T16","Gekko gecko","Species"
"SimForest","T16","Gekko gecko","Species"
"SimForest","T16","Gekko gecko","Species"
"SimForest","T16","Gekko gecko","Species"
"SimForest","T16","Eutropis multifasciata","Species"
"SimForest","T17","Bronchocela cristatella","Species"
"SimForest","T17","Bronchocela cristatella","Species"
"SimForest","T17","Bronchocela cristatella","Species"
"SimForest","T17","Bronchocela cristatella","Species"
"SimForest","T17","Bronchocela cristatella","Species"
"SimForest","T17","Bronchocela cristatella","Species"
"SimForest","T17","Bronchocela cristatella","Species"
"SimForest","T17","Bronchocela cristatella","Species"
"SimForest","T17","Draco volans","Species"
"SimForest","T17","Draco volans","Species"
"SimForest","T17","Draco volans","Species"
"SimForest","T17","Draco volans","Species"
"SimForest","T17","Draco volans","Species"
"SimForest","T17","Draco volans","Species"
"SimForest","T17","Draco volans","Species"
"SimForest","T17","Draco volans","Species"
"SimForest","T17","Draco volans","Species"
"SimForest","T17","Draco volans","Species"
"SimForest","T17","Gonocephalus liogaster","Species"
"SimForest","T17","Gonocephalus liogaster","Species"
"SimForest","T17","Varanus salvator","Species"
"SimForest","T17","Varanus salvator","Species"
"SimForest","T17","Varanus salvator","Species"
"SimForest","T17","Varanus salvator","Species"
"SimForest","T17","Varanus salvator","Species"
"SimForest","T17","Varanus salvator","Species"
"SimForest","T17","Varanus salvator","Species"
"SimForest","T17","Varanus salvator","Species"
"SimForest","T17","Varanus salvator","Species"
"SimForest","T17","Cyrtodactylus consobrinus","Species"
"SimForest","T17","Cyrtodactylus consobrinus","Species"
"SimForest","T17","Cyrtodactylus consobrinus","Species"
"SimForest","T17","Cyrtodactylus consobrinus","Species"
"SimForest","T17","Cyrtodactylus consobrinus","Species"
"SimForest","T17","Calotes versicolor","Species"
"SimForest","T17","Calotes versicolor","Species"
"SimForest","T17","Calotes versicolor","Species"
"SimForest","T17","Calotes versicolor","Species"
"SimForest","T17","Ptychozoon kuhli","Species"
"SimForest","T17","Ptychozoon kuhli","Species"
"SimForest","T17","Ptychozoon kuhli","Species"
"SimForest","T17","Ptychozoon kuhli","Species"
"SimForest","T17","Limnonectes kuhlii","Species"
"SimForest","T17","Limnonectes kuhlii","Species"
"SimForest","T17","Limnonectes kuhlii","Species"
"SimForest","T17","Limnonectes kuhlii","Species"
"SimForest","T17","Limnonectes kuhlii","Species"
"SimForest","T17","Limnonectes kuhlii","Species"
"SimForest","T17","Limnonectes kuhlii","Species"
"SimForest","T17","Limnonectes kuhlii","Species"
"SimForest","T17","Polypedates leucomystax","Species"
"SimForest","T17","Polypedates leucomystax","Species"
"SimForest","T17","Polypedates leucomystax","Species"
"SimForest","T17","Polypedates leucomystax","Species"
"SimForest","T17","Polypedates leucomystax","Species"
"SimForest","T17","Rhacophorus reinwardtii","Species"
"SimForest","T17","Rhacophorus reinwardtii","Species"
"SimForest","T17","Rhacophorus reinwardtii","Species"
"SimForest","T17","Megophrys nasuta","Species"
"SimForest","T17","Megophrys nasuta","Species"
"SimForest","T17","Megophrys nasuta","Species"
"SimForest","T17","Megophrys nasuta","Species"
"SimForest","T17","Megophrys nasuta","Species"
"SimForest","T17","Megophrys nasuta","Species"
"SimForest","T17","Megophrys nasuta","Species"
"SimForest","T17","Megophrys nasuta","Species"
"SimForest","T17","Megophrys nasuta","Species"
"SimForest","T17","Megophrys nasuta","Species"
"SimForest","T17","Megophrys nasuta","Species"
"SimForest","T17","Megophrys nasuta","Species"
"SimForest","T17","Duttaphrynus melanostictus","Species"
"SimForest","T17","Duttaphrynus melanostictus","Species"
"SimForest","T17","Duttaphrynus melanostictus","Species"
"SimForest","T17","Duttaphrynus melanostictus","Species"
"SimForest","T17","Duttaphrynus melanostictus","Species"
"SimForest","T17","Duttaphrynus melanostictus","Species"
"SimForest","T17","Ahaetulla prasina","Species"
"SimForest","T17","Ahaetulla prasina","Species"
"SimForest","T17","Ahaetulla prasina","Species"
"SimForest","T17","Ahaetulla prasina","Species"
"SimForest","T17","Ahaetulla prasina","Species"
"SimForest","T17","Boiga dendrophila","Species"
"SimForest","T17","Boiga dendrophila","Species"
"SimForest","T17","Tropidolaemus wagleri","Species"
"SimForest","T17","Tropidolaemus wagleri","Species"
"SimForest","T17","Tropidolaemus wagleri","Species"
"SimForest","T17","Tropidolaemus wagleri","Species"
"SimForest","T17","Tropidolaemus wagleri","Species"
"SimForest","T17","Tropidolaemus wagleri","Species"
"SimForest","T17","Tropidolaemus wagleri","Species"
"SimForest","T17","Tropidolaemus wagleri","Species"
"SimForest","T17","Tropidolaemus wagleri","Species"
"SimForest","T17","Tropidolaemus wagleri","Species"
"SimForest","T17","Tropidolaemus wagleri","Species"
"SimForest","T17","Naja sputatrix","Species"
"SimForest","T17","Naja sputatrix","Species"
"SimForest","T17","Naja sputatrix","Species"
"SimForest","T17","Naja sputatrix","Species"
"SimForest","T17","Naja sputatrix","Species"
"SimForest","T17","Naja sputatrix","Species"
"SimForest","T17","Naja sputatrix","Species"
"SimForest","T17","Naja sputatrix","Species"
"SimForest","T17","Chalcorana raniceps","Species"
"SimForest","T17","Chalcorana raniceps","Species"
"SimForest","T17","Chalcorana raniceps","Species"
"SimForest","T17","Gekko gecko","Species"
"SimForest","T17","Gekko gecko","Species"
"SimForest","T17","Gekko gecko","Species"
"SimForest","T17","Gekko gecko","Species"
"SimForest","T17","Gekko gecko","Species"
"SimForest","T17","Gekko gecko","Species"
"SimForest","T17","Gekko gecko","Species"
"SimForest","T17","Gekko gecko","Species"
"SimForest","T17","Gekko gecko","Species"
"SimForest","T17","Gekko gecko","Species"
"SimForest","T17","Eutropis multifasciata","Species"
"SimForest","T17","Eutropis multifasciata","Species"
"SimForest","T17","Eutropis multifasciata","Species"
"SimForest","T17","Eutropis multifasciata","Species"
"SimForest","T17","Eutropis multifasciata","Species"
"SimForest","T17","Eutropis multifasciata","Species"
"SimForest","T17","Eutropis multifasciata","Species"
"SimForest","T17","Eutropis multifasciata","Species"
"SimForest","T17","Eutropis multifasciata","Species"
"SimForest","T17","Eutropis multifasciata","Species"
"SimForest","T17","Eutropis multifasciata","Species"
"SimForest","T18","Bronchocela cristatella","Species"
"SimForest","T18","Bronchocela cristatella","Species"
"SimForest","T18","Bronchocela cristatella","Species"
"SimForest","T18","Bronchocela cristatella","Species"
"SimForest","T18","Bronchocela cristatella","Species"
"SimForest","T18","Bronchocela cristatella","Species"
"SimForest","T18","Bronchocela cristatella","Species"
"SimForest","T18","Bronchocela cristatella","Species"
"SimForest","T18","Bronchocela cristatella","Species"
"SimForest","T18","Bronchocela cristatella","Species"
"SimForest","T18","Bronchocela cristatella","Species"
"SimForest","T18","Bronchocela cristatella","Species"
"SimForest","T18","Bronchocela cristatella","Species"
"SimForest","T18","Bronchocela cristatella","Species"
"SimForest","T18","Bronchocela cristatella","Species"
"SimForest","T18","Draco volans","Species"
"SimForest","T18","Draco volans","Species"
"SimForest","T18","Draco volans","Species"
"SimForest","T18","Draco volans","Species"
"SimForest","T18","Draco volans","Species"
"SimForest","T18","Draco volans","Species"
"SimForest","T18","Draco volans","Species"
"SimForest","T18","Draco volans","Species"
"SimForest","T18","Gonocephalus liogaster","Species"
"SimForest","T18","Gonocephalus liogaster","Species"
"SimForest","T18","Gonocephalus liogaster","Species"
"SimForest","T18","Gonocephalus liogaster","Species"
"SimForest","T18","Gonocephalus liogaster","Species"
"SimForest","T18","Gonocephalus liogaster","Species"
"SimForest","T18","Gonocephalus liogaster","Species"
"SimForest","T18","Gonocephalus liogaster","Species"
"SimForest","T18","Gonocephalus liogaster","Species"
"SimForest","T18","Varanus salvator","Species"
"SimForest","T18","Varanus salvator","Species"
"SimForest","T18","Varanus salvator","Species"
"SimForest","T18","Varanus salvator","Species"
"SimForest","T18","Varanus salvator","Species"
"SimForest","T18","Varanus salvator","Species"
"SimForest","T18","Varanus salvator","Species"
"SimForest","T18","Varanus salvator","Species"
"SimForest","T18","Varanus salvator","Species"
"SimForest","T18","Varanus salvator","Species"
"SimForest","T18","Varanus salvator","Species"
"SimForest","T18","Varanus salvator","Species"
"SimForest","T18","Varanus salvator","Species"
"SimForest","T18","Varanus salvator","Species"
"SimForest","T18","Varanus salvator","Species"
"SimForest","T18","Varanus salvator","Species"
"SimForest","T18","Varanus salvator","Species"
"SimForest","T18","Varanus salvator","Species"
"SimForest","T18","Varanus salvator","Species"
"SimForest","T18","Varanus salvator","Species"
"SimForest","T18","Cyrtodactylus consobrinus","Species"
"SimForest","T18","Cyrtodactylus consobrinus","Species"
"SimForest","T18","Cyrtodactylus consobrinus","Species"
"SimForest","T18","Cyrtodactylus consobrinus","Species"
"SimForest","T18","Cyrtodactylus consobrinus","Species"
"SimForest","T18","Cyrtodactylus consobrinus","Species"
"SimForest","T18","Cyrtodactylus consobrinus","Species"
"SimForest","T18","Cyrtodactylus consobrinus","Species"
"SimForest","T18","Calotes versicolor","Species"
"SimForest","T18","Calotes versicolor","Species"
"SimForest","T18","Calotes versicolor","Species"
"SimForest","T18","Calotes versicolor","Species"
"SimForest","T18","Calotes versicolor","Species"
"SimForest","T18","Calotes versicolor","Species"
"SimForest","T18","Ptychozoon kuhli","Species"
"SimForest","T18","Ptychozoon kuhli","Species"
"SimForest","T18","Ptychozoon kuhli","Species"
"SimForest","T18","Ptychozoon kuhli","Species"
"SimForest","T18","Ptychozoon kuhli","Species"
"SimForest","T18","Ptychozoon kuhli","Species"
"SimForest","T18","Limnonectes kuhlii","Species"
"SimForest","T18","Limnonectes kuhlii","Species"
"SimForest","T18","Limnonectes kuhlii","Species"
"SimForest","T18","Limnonectes kuhlii","Species"
"SimForest","T18","Limnonectes kuhlii","Species"
"SimForest","T18","Limnonectes kuhlii","Species"
"SimForest","T18","Limnonectes kuhlii","Species"
"SimForest","T18","Limnonectes kuhlii","Species"
"SimForest","T18","Limnonectes kuhlii","Species"
"SimForest","T18","Limnonectes kuhlii","Species"
"SimForest","T18","Limnonectes kuhlii","Species"
"SimForest","T18","Limnonectes kuhlii","Species"
"SimForest","T18","Limnonectes kuhlii","Species"
"SimForest","T18","Limnonectes kuhlii","Species"
"SimForest","T18","Polypedates leucomystax","Species"
"SimForest","T18","Polypedates leucomystax","Species"
"SimForest","T18","Polypedates leucomystax","Species"
"SimForest","T18","Polypedates leucomystax","Species"
"SimForest","T18","Polypedates leucomystax","Species"
"SimForest","T18","Polypedates leucomystax","Species"
"SimForest","T18","Polypedates leucomystax","Species"
"SimForest","T18","Polypedates leucomystax","Species"
"SimForest","T18","Polypedates leucomystax","Species"
"SimForest","T18","Rhacophorus reinwardtii","Species"
"SimForest","T18","Rhacophorus reinwardtii","Species"
"SimForest","T18","Rhacophorus reinwardtii","Species"
"SimForest","T18","Rhacophorus reinwardtii","Species"
"SimForest","T18","Rhacophorus reinwardtii","Species"
"SimForest","T18","Rhacophorus reinwardtii","Species"
"SimForest","T18","Megophrys nasuta","Species"
"SimForest","T18","Megophrys nasuta","Species"
"SimForest","T18","Megophrys nasuta","Species"
"SimForest","T18","Megophrys nasuta","Species"
"SimForest","T18","Megophrys nasuta","Species"
"SimForest","T18","Megophrys nasuta","Species"
"SimForest","T18","Megophrys nasuta","Species"
"SimForest","T18","Megophrys nasuta","Species"
"SimForest","T18","Megophrys nasuta","Species"
"SimForest","T18","Megophrys nasuta","Species"
"SimForest","T18","Megophrys nasuta","Species"
"SimForest","T18","Megophrys nasuta","Species"
"SimForest","T18","Megophrys nasuta","Species"
"SimForest","T18","Megophrys nasuta","Species"
"SimForest","T18","Megophrys nasuta","Species"
"SimForest","T18","Megophrys nasuta","Species"
"SimForest","T18","Megophrys nasuta","Species"
"SimForest","T18","Megophrys nasuta","Species"
"SimForest","T18","Megophrys nasuta","Species"
"SimForest","T18","Megophrys nasuta","Species"
"SimForest","T18","Megophrys nasuta","Species"
"SimForest","T18","Megophrys nasuta","Species"
"SimForest","T18","Duttaphrynus melanostictus","Species"
"SimForest","T18","Duttaphrynus melanostictus","Species"
"SimForest","T18","Duttaphrynus melanostictus","Species"
"SimForest","T18","Duttaphrynus melanostictus","Species"
"SimForest","T18","Duttaphrynus melanostictus","Species"
"SimForest","T18","Duttaphrynus melanostictus","Species"
"SimForest","T18","Duttaphrynus melanostictus","Species"
"SimForest","T18","Duttaphrynus melanostictus","Species"
"SimForest","T18","Duttaphrynus melanostictus","Species"
"SimForest","T18","Python reticulatus","Species"
"SimForest","T18","Python reticulatus","Species"
"SimForest","T18","Python reticulatus","Species"
"SimForest","T18","Ahaetulla prasina","Species"
"SimForest","T18","Ahaetulla prasina","Species"
"SimForest","T18","Ahaetulla prasina","Species"
"SimForest","T18","Ahaetulla prasina","Species"
"SimForest","T18","Ahaetulla prasina","Species"
"SimForest","T18","Ahaetulla prasina","Species"
"SimForest","T18","Ahaetulla prasina","Species"
"SimForest","T18","Ahaetulla prasina","Species"
"SimForest","T18","Ahaetulla prasina","Species"
"SimForest","T18","Ahaetulla prasina","Species"
"SimForest","T18","Ahaetulla prasina","Species"
"SimForest","T18","Ahaetulla prasina","Species"
"SimForest","T18","Ahaetulla prasina","Species"
"SimForest","T18","Ahaetulla prasina","Species"
"SimForest","T18","Ahaetulla prasina","Species"
"SimForest","T18","Ahaetulla prasina","Species"
"SimForest","T18","Ahaetulla prasina","Species"
"SimForest","T18","Ahaetulla prasina","Species"
"SimForest","T18","Boiga dendrophila","Species"
"SimForest","T18","Tropidolaemus wagleri","Species"
"SimForest","T18","Tropidolaemus wagleri","Species"
"SimForest","T18","Tropidolaemus wagleri","Species"
"SimForest","T18","Tropidolaemus wagleri","Species"
"SimForest","T18","Tropidolaemus wagleri","Species"
"SimForest","T18","Tropidolaemus wagleri","Species"
"SimForest","T18","Tropidolaemus wagleri","Species"
"SimForest","T18","Tropidolaemus wagleri","Species"
"SimForest","T18","Tropidolaemus wagleri","Species"
"SimForest","T18","Tropidolaemus wagleri","Species"
"SimForest","T18","Naja sputatrix","Species"
"SimForest","T18","Naja sputatrix","Species"
"SimForest","T18","Naja sputatrix","Species"
"SimForest","T18","Naja sputatrix","Species"
"SimForest","T18","Chalcorana raniceps","Species"
"SimForest","T18","Chalcorana raniceps","Species"
"SimForest","T18","Chalcorana raniceps","Species"
"SimForest","T18","Gekko gecko","Species"
"SimForest","T18","Gekko gecko","Species"
"SimForest","T18","Gekko gecko","Species"
"SimForest","T18","Gekko gecko","Species"
"SimForest","T18","Gekko gecko","Species"
"SimForest","T18","Gekko gecko","Species"
"SimForest","T18","Gekko gecko","Species"
"SimForest","T18","Gekko gecko","Species"
"SimForest","T18","Gekko gecko","Species"
"SimForest","T18","Gekko gecko","Species"
"SimForest","T18","Gekko gecko","Species"
"SimForest","T18","Gekko gecko","Species"
"SimForest","T18","Gekko gecko","Species"
"SimForest","T18","Gekko gecko","Species"
"SimForest","T18","Eutropis multifasciata","Species"
"SimForest","T18","Eutropis multifasciata","Species"
"SimForest","T18","Eutropis multifasciata","Species"
"SimForest","T18","Eutropis multifasciata","Species"
"SimForest","T18","Eutropis multifasciata","Species"
"SimForest","T18","Eutropis multifasciata","Species"
"SimForest","T19","Bronchocela cristatella","Species"
"SimForest","T19","Bronchocela cristatella","Species"
"SimForest","T19","Bronchocela cristatella","Species"
"SimForest","T19","Bronchocela cristatella","Species"
"SimForest","T19","Bronchocela cristatella","Species"
"SimForest","T19","Bronchocela cristatella","Species"
"SimForest","T19","Bronchocela cristatella","Species"
"SimForest","T19","Bronchocela cristatella","Species"
"SimForest","T19","Bronchocela cristatella","Species"
"SimForest","T19","Bronchocela cristatella","Species"
"SimForest","T19","Draco volans","Species"
"SimForest","T19","Draco volans","Species"
"SimForest","T19","Draco volans","Species"
"SimForest","T19","Gonocephalus liogaster","Species"
"SimForest","T19","Gonocephalus liogaster","Species"
"SimForest","T19","Gonocephalus liogaster","Species"
"SimForest","T19","Gonocephalus liogaster","Species"
"SimForest","T19","Gonocephalus liogaster","Species"
"SimForest","T19","Varanus salvator","Species"
"SimForest","T19","Varanus salvator","Species"
"SimForest","T19","Varanus salvator","Species"
"SimForest","T19","Varanus salvator","Species"
"SimForest","T19","Varanus salvator","Species"
"SimForest","T19","Varanus salvator","Species"
"SimForest","T19","Varanus salvator","Species"
"SimForest","T19","Varanus salvator","Species"
"SimForest","T19","Cyrtodactylus consobrinus","Species"
"SimForest","T19","Calotes versicolor","Species"
"SimForest","T19","Calotes versicolor","Species"
"SimForest","T19","Calotes versicolor","Species"
"SimForest","T19","Calotes versicolor","Species"
"SimForest","T19","Ptychozoon kuhli","Species"
"SimForest","T19","Ptychozoon kuhli","Species"
"SimForest","T19","Ptychozoon kuhli","Species"
"SimForest","T19","Limnonectes kuhlii","Species"
"SimForest","T19","Polypedates leucomystax","Species"
"SimForest","T19","Polypedates leucomystax","Species"
"SimForest","T19","Polypedates leucomystax","Species"
"SimForest","T19","Rhacophorus reinwardtii","Species"
"SimForest","T19","Rhacophorus reinwardtii","Species"
"SimForest","T19","Rhacophorus reinwardtii","Species"
"SimForest","T19","Rhacophorus reinwardtii","Species"
"SimForest","T19","Rhacophorus reinwardtii","Species"
"SimForest","T19","Megophrys nasuta","Species"
"SimForest","T19","Megophrys nasuta","Species"
"SimForest","T19","Megophrys nasuta","Species"
"SimForest","T19","Megophrys nasuta","Species"
"SimForest","T19","Megophrys nasuta","Species"
"SimForest","T19","Megophrys nasuta","Species"
"SimForest","T19","Megophrys nasuta","Species"
"SimForest","T19","Megophrys nasuta","Species"
"SimForest","T19","Megophrys nasuta","Species"
"SimForest","T19","Megophrys nasuta","Species"
"SimForest","T19","Megophrys nasuta","Species"
"SimForest","T19","Megophrys nasuta","Species"
"SimForest","T19","Megophrys nasuta","Species"
"SimForest","T19","Duttaphrynus melanostictus","Species"
"SimForest","T19","Duttaphrynus melanostictus","Species"
"SimForest","T19","Duttaphrynus melanostictus","Species"
"SimForest","T19","Duttaphrynus melanostictus","Species"
"SimForest","T19","Python reticulatus","Species"
"SimForest","T19","Python reticulatus","Species"
"SimForest","T19","Python reticulatus","Species"
"SimForest","T19","Ahaetulla prasina","Species"
"SimForest","T19","Ahaetulla prasina","Species"
"SimForest","T19","Ahaetulla prasina","Species"
"SimForest","T19","Ahaetulla prasina","Species"
"SimForest","T19","Ahaetulla prasina","Species"
"SimForest","T19","Ahaetulla prasina","Species"
"SimForest","T19","Ahaetulla prasina","Species"
"SimForest","T19","Ahaetulla prasina","Species"
"SimForest","T19","Ahaetulla prasina","Species"
"SimForest","T19","Boiga dendrophila","Species"
"SimForest","T19","Tropidolaemus wagleri","Species"
"SimForest","T19","Tropidolaemus wagleri","Species"
"SimForest","T19","Tropidolaemus wagleri","Species"
"SimForest","T19","Tropidolaemus wagleri","Species"
"SimForest","T19","Naja sputatrix","Species"
"SimForest","T19","Naja sputatrix","Species"
"SimForest","T19","Naja sputatrix","Species"
"SimForest","T19","Naja sputatrix","Species"
"SimForest","T19","Naja sputatrix","Species"
"SimForest","T19","Naja sputatrix","Species"
"SimForest","T19","Chalcorana raniceps","Species"
"SimForest","T19","Chalcorana raniceps","Species"
"SimForest","T19","Chalcorana raniceps","Species"
"SimForest","T19","Chalcorana raniceps","Species"
"SimForest","T19","Chalcorana raniceps","Species"
"SimForest","T19","Gekko gecko","Species"
"SimForest","T19","Gekko gecko","Species"
"SimForest","T19","Gekko gecko","Species"
"SimForest","T19","Gekko gecko","Species"
"SimForest","T19","Gekko gecko","Species"
"SimForest","T19","Gekko gecko","Species"
"SimForest","T19","Gekko gecko","Species"
"SimForest","T19","Eutropis multifasciata","Species"
"SimForest","T19","Eutropis multifasciata","Species"
"SimForest","T19","Eutropis multifasciata","Species"
"SimForest","T19","Eutropis multifasciata","Species"
"SimForest","T20","Bronchocela cristatella","Species"
"SimForest","T20","Bronchocela cristatella","Species"
"SimForest","T20","Bronchocela cristatella","Species"
"SimForest","T20","Bronchocela cristatella","Species"
"SimForest","T20","Bronchocela cristatella","Species"
"SimForest","T20","Draco volans","Species"
"SimForest","T20","Draco volans","Species"
"SimForest","T20","Draco volans","Species"
"SimForest","T20","Draco volans","Species"
"SimForest","T20","Draco volans","Species"
"SimForest","T20","Draco volans","Species"
"SimForest","T20","Draco volans","Species"
"SimForest","T20","Gonocephalus liogaster","Species"
"SimForest","T20","Gonocephalus liogaster","Species"
"SimForest","T20","Gonocephalus liogaster","Species"
"SimForest","T20","Gonocephalus liogaster","Species"
"SimForest","T20","Gonocephalus liogaster","Species"
"SimForest","T20","Gonocephalus liogaster","Species"
"SimForest","T20","Gonocephalus liogaster","Species"
"SimForest","T20","Varanus salvator","Species"
"SimForest","T20","Varanus salvator","Species"
"SimForest","T20","Varanus salvator","Species"
"SimForest","T20","Varanus salvator","Species"
"SimForest","T20","Varanus salvator","Species"
"SimForest","T20","Varanus salvator","Species"
"SimForest","T20","Varanus salvator","Species"
"SimForest","T20","Varanus salvator","Species"
"SimForest","T20","Cyrtodactylus consobrinus","Species"
"SimForest","T20","Calotes versicolor","Species"
"SimForest","T20","Calotes versicolor","Species"
"SimForest","T20","Calotes versicolor","Species"
"SimForest","T20","Calotes versicolor","Species"
"SimForest","T20","Calotes versicolor","Species"
"SimForest","T20","Calotes versicolor","Species"
"SimForest","T20","Calotes versicolor","Species"
"SimForest","T20","Calotes versicolor","Species"
"SimForest","T20","Calotes versicolor","Species"
"SimForest","T20","Calotes versicolor","Species"
"SimForest","T20","Calotes versicolor","Species"
"SimForest","T20","Ptychozoon kuhli","Species"
"SimForest","T20","Ptychozoon kuhli","Species"
"SimForest","T20","Ptychozoon kuhli","Species"
"SimForest","T20","Ptychozoon kuhli","Species"
"SimForest","T20","Ptychozoon kuhli","Species"
"SimForest","T20","Ptychozoon kuhli","Species"
"SimForest","T20","Ptychozoon kuhli","Species"
"SimForest","T20","Ptychozoon kuhli","Species"
"SimForest","T20","Ptychozoon kuhli","Species"
"SimForest","T20","Ptychozoon kuhli","Species"
"SimForest","T20","Ptychozoon kuhli","Species"
"SimForest","T20","Ptychozoon kuhli","Species"
"SimForest","T20","Limnonectes kuhlii","Species"
"SimForest","T20","Limnonectes kuhlii","Species"
"SimForest","T20","Limnonectes kuhlii","Species"
"SimForest","T20","Limnonectes kuhlii","Species"
"SimForest","T20","Polypedates leucomystax","Species"
"SimForest","T20","Polypedates leucomystax","Species"
"SimForest","T20","Polypedates leucomystax","Species"
"SimForest","T20","Polypedates leucomystax","Species"
"SimForest","T20","Polypedates leucomystax","Species"
"SimForest","T20","Rhacophorus reinwardtii","Species"
"SimForest","T20","Megophrys nasuta","Species"
"SimForest","T20","Megophrys nasuta","Species"
"SimForest","T20","Megophrys nasuta","Species"
"SimForest","T20","Megophrys nasuta","Species"
"SimForest","T20","Megophrys nasuta","Species"
"SimForest","T20","Megophrys nasuta","Species"
"SimForest","T20","Duttaphrynus melanostictus","Species"
"SimForest","T20","Python reticulatus","Species"
"SimForest","T20","Python reticulatus","Species"
"SimForest","T20","Python reticulatus","Species"
"SimForest","T20","Ahaetulla prasina","Species"
"SimForest","T20","Ahaetulla prasina","Species"
"SimForest","T20","Ahaetulla prasina","Species"
"SimForest","T20","Ahaetulla prasina","Species"
"SimForest","T20","Ahaetulla prasina","Species"
"SimForest","T20","Boiga dendrophila","Species"
"SimForest","T20","Boiga dendrophila","Species"
"SimForest","T20","Tropidolaemus wagleri","Species"
"SimForest","T20","Tropidolaemus wagleri","Species"
"SimForest","T20","Tropidolaemus wagleri","Species"
"SimForest","T20","Tropidolaemus wagleri","Species"
"SimForest","T20","Tropidolaemus wagleri","Species"
"SimForest","T20","Naja sputatrix","Species"
"SimForest","T20","Naja sputatrix","Species"
"SimForest","T20","Naja sputatrix","Species"
"SimForest","T20","Naja sputatrix","Species"
"SimForest","T20","Naja sputatrix","Species"
"SimForest","T20","Chalcorana raniceps","Species"
"SimForest","T20","Chalcorana raniceps","Species"
"SimForest","T20","Chalcorana raniceps","Species"
"SimForest","T20","Chalcorana raniceps","Species"
"SimForest","T20","Chalcorana raniceps","Species"
"SimForest","T20","Chalcorana raniceps","Species"
"SimForest","T20","Chalcorana raniceps","Species"
"SimForest","T20","Gekko gecko","Species"
"SimForest","T20","Gekko gecko","Species"
"SimForest","T20","Gekko gecko","Species"
"SimForest","T20","Gekko gecko","Species"
"SimForest","T20","Gekko gecko","Species"
"SimForest","T20","Gekko gecko","Species"
"SimForest","T20","Eutropis multifasciata","Species"
"SimForest","T20","Eutropis multifasciata","Species"
