"Landscape","Transect","Plot.ID","Tree.ID","Scientific.Name","Taxon.Rank","Class","DBH","TT"
"SimForest","T01","T01_P3","T01_P3_1","Shorea leprosula","Species","C",14.6,12.4
"SimForest","T01","T01_P3","T01_P3_2","Shorea leprosula","Species","B",18.3,17.7
"SimForest","T01","T01_P2","T01_P2_3","Shorea leprosula","Species","C",7.2,8.8
"SimForest","T01","T01_P5","T01_P5_1","Shorea parvifolia","Species","B",22.2,19.7
"SimForest","T01","T01_P5","T01_P5_2","Shorea parvifolia","Species","B",29.5,23.1
"SimForest","T01","T01_P2","T01_P2_1","Shorea acuminata","Species","C",14.2,13.9
"SimForest","T01","T01_P5","T01_P5_2","Shorea acuminata","Species","C",13.8,12.3
"SimForest","T01","T01_P1","T01_P1_3","Shorea acuminata","Species","B",24.2,21.3
"SimForest","T01","T01_P2","T01_P2_4","Shorea acuminata","Species","C",10.4,10.6
"SimForest","T01","T01_P5","T01_P5_5","Shorea acuminata","Species","A",63,44
"SimForest","T01","T01_P3","T01_P3_1","Dipterocarpus alatus","Species","B",24.5,19.5
"SimForest","T01","T01_P4","T01_P4_2","Dipterocarpus alatus","Species","B",30,24.2
"SimForest","T01","T01_P1","T01_P1_3","Dipterocarpus alatus","Species","A",46,29.8
"SimForest","T01","T01_P4","T01_P4_4","Dipterocarpus alatus","Species","B",23.1,19.8
"SimForest","T01","T01_P3","T01_P3_1","Dipterocarpus caudatus","Species","C",8.3,10.2
"SimForest","T01","T01_P1","T01_P1_2","Dipterocarpus caudatus","Species","C",7.4,9.4
"SimForest","T01","T01_P3","T01_P3_3","Dipterocarpus caudatus","Species","C",15.7,14.8
"SimForest","T01","T01_P4","T01_P4_1","Hopea nervosa","Species","C",15.6,15.7
"SimForest","T01","T01_P3","T01_P3_2","Hopea nervosa","Species","B",24.2,17.9
"SimForest","T01","T01_P1","T01_P1_3","Hopea nervosa","Species","C",15.3,15.1
"SimForest","T01","T01_P5","T01_P5_4","Hopea nervosa","Species","C",15.6,15.6
"SimForest","T01","T01_P1","T01_P1_5","Hopea nervosa","Species","A",34,22.6
"SimForest","T01","T01_P4","T01_P4_6","Hopea nervosa","Species","C",12.5,13.4
"SimForest","T01","T01_P1","T01_P1_1","Dryobalanops aromatica","Species","C",10.6,12.1
"SimForest","T01","T01_P4","T01_P4_2","Dryobalanops aromatica","Species","C",10.6,11.7
"SimForest","T01","T01_P3","T01_P3_3","Dryobalanops aromatica","Species","C",10.8,11
"SimForest","T01","T01_P2","T01_P2_4","Dryobalanops aromatica","Species","B",29.6,22.4
"SimForest","T01","T01_P1","T01_P1_5","Dryobalanops aromatica","Species","C",14.3,14.5
"SimForest","T01","T01_P4","T01_P4_1","Syzygium polyanthum","Species","C",14.5,13
"SimForest","T01","T01_P2","T01_P2_2","Syzygium polyanthum","Species","C",14,12.3
"SimForest","T01","T01_P2","T01_P2_3","Syzygium polyanthum","Species","C",12.7,12.3
"SimForest","T01","T01_P2","T01_P2_4","Syzygium polyanthum","Species","C",6.4,8.5
"SimForest","T01","T01_P1","T01_P1_5","Syzygium polyanthum","Species","A",38.6,27.4
"SimForest","T01","T01_P4","T01_P4_6","Syzygium polyanthum","Species","C",8.7,10.9
"SimForest","T01","T01_P3","T01_P3_7","Syzygium polyanthum","Species","C",11.1,11.9
"SimForest","T01","T01_P1","T01_P1_8","Syzygium polyanthum","Species","C",14,12.1
"SimForest","T01","T01_P2","T01_P2_1","Syzygium claviflorum","Species","B",20.8,16.2
"SimForest","T01","T01_P4","T01_P4_2","Syzygium claviflorum","Species","C",6.7,9.1
"SimForest","T01","T01_P1","T01_P1_3","Syzygium claviflorum","Species","A",67,41.2
"SimForest","T01","T01_P1","T01_P1_1","Dacryodes rostrata","Species","A",58.4,39.3
"SimForest","T01","T01_P2","T01_P2_2","Dacryodes rostrata","Species","C",11.5,12.4
"SimForest","T01","T01_P2","T01_P2_3","Dacryodes rostrata","Species","C",15.7,14.8
"SimForest","T01","T01_P3","T01_P3_4","Dacryodes rostrata","Species","B",18.1,14.8
"SimForest","T01","T01_P5","T01_P5_5","Dacryodes rostrata","Species","B",26.1,19.8
"SimForest","T01","T01_P2","T01_P2_6","Dacryodes rostrata","Species","C",6.4,8.7
"SimForest","T01","T01_P3","T01_P3_7","Dacryodes rostrata","Species","C",10.9,10.9
"SimForest","T01","T01_P5","T01_P5_1","Diospyros macrophylla","Species","A",70.3,46.7
"SimForest","T01","T01_P1","T01_P1_2","Diospyros macrophylla","Species","C",13.1,12.4
"SimForest","T01","T01_P2","T01_P2_1","Ficus benjamina","Species","B",30,21.2
"SimForest","T01","T01_P4","T01_P4_2","Ficus benjamina","Species","C",12.9,12.3
"SimForest","T01","T01_P3","T01_P3_1","Ficus variegata","Species","B",25.2,21.8
"SimForest","T01","T01_P2","T01_P2_1","Artocarpus elasticus","Species","B",20.1,15.1
"SimForest","T01","T01_P2","T01_P2_2","Artocarpus elasticus","Species","B",24,19.1
"SimForest","T01","T01_P3","T01_P3_1","Durio zibethinus","Species","A",70,42.4
"SimForest","T01","T01_P3","T01_P3_2","Durio zibethinus","Species","A",54,39.3
"SimForest","T01","T01_P3","T01_P3_3","Durio zibethinus","Species","C",11.3,11.3
"SimForest","T01","T01_P2","T01_P2_1","Koompassia excelsa","Species","B",23.8,19.7
"SimForest","T01","T01_P5","T01_P5_2","Koompassia excelsa","Species","C",10.4,11.2
"SimForest","T01","T01_P2","T01_P2_3","Koompassia excelsa","Species","A",56.9,39.2
"SimForest","T01","T01_P2","T01_P2_4","Koompassia excelsa","Species","C",14.9,15
"SimForest","T01","T01_P2","T01_P2_1","Dyera costulata","Species","C",7.1,9.5
"SimForest","T01","T01_P5","T01_P5_2","Dyera costulata","Species","A",34.8,22.6
"SimForest","T01","T01_P3","T01_P3_3","Dyera costulata","Species","B",21.8,17.7
"SimForest","T01","T01_P3","T01_P3_4","Dyera costulata","Species","C",14,13.7
"SimForest","T01","T01_P2","T01_P2_5","Dyera costulata","Species","C",7,9
"SimForest","T01","T01_P2","T01_P2_1","Palaquium rostratum","Species","C",12.1,11.6
"SimForest","T01","T01_P3","T01_P3_2","Palaquium rostratum","Species","B",21.6,17
"SimForest","T01","T01_P3","T01_P3_3","Palaquium rostratum","Species","C",8.8,10.5
"SimForest","T01","T01_P5","T01_P5_4","Palaquium rostratum","Species","C",15.4,15.1
"SimForest","T01","T01_P2","T01_P2_5","Palaquium rostratum","Species","C",7.4,9
"SimForest","T01","T01_P3","T01_P3_1","Santiria laevigata","Species","B",23.9,20.3
"SimForest","T01","T01_P4","T01_P4_2","Santiria laevigata","Species","B",28.6,19.4
"SimForest","T01","T01_P2","T01_P2_3","Santiria laevigata","Species","C",8.4,10.2
"SimForest","T01","T01_P5","T01_P5_4","Santiria laevigata","Species","C",11.4,12.8
"SimForest","T01","T01_P2","T01_P2_5","Santiria laevigata","Species","C",12.7,13.2
"SimForest","T01","T01_P5","T01_P5_1","Aglaia argentea","Species","B",25.8,20.6
"SimForest","T01","T01_P3","T01_P3_1","Knema laurina","Species","B",23.1,20.1
"SimForest","T01","T01_P5","T01_P5_2","Knema laurina","Species","B",18,15.4
"SimForest","T01","T01_P3","T01_P3_3","Knema laurina","Species","B",22.6,16.8
"SimForest","T01","T01_P1","T01_P1_1","Horsfieldia irya","Species","C",8.8,10.3
"SimForest","T01","T01_P2","T01_P2_2","Horsfieldia irya","Species","C",6.8,9.7
"SimForest","T01","T01_P4","T01_P4_3","Horsfieldia irya","Species","C",14.2,12.4
"SimForest","T01","T01_P3","T01_P3_1","Litsea firma","Species","A",49,34.7
"SimForest","T01","T01_P4","T01_P4_2","Litsea firma","Species","C",8.1,9.4
"SimForest","T01","T01_P1","T01_P1_3","Litsea firma","Species","C",12.3,12.1
"SimForest","T01","T01_P5","T01_P5_4","Litsea firma","Species","B",17.6,14.7
"SimForest","T01","T01_P5","T01_P5_5","Litsea firma","Species","B",28.2,22.1
"SimForest","T01","T01_P3","T01_P3_6","Litsea firma","Species","B",17.6,14.5
"SimForest","T01","T01_P3","T01_P3_1","Baccaurea macrocarpa","Species","A",69.4,50.7
"SimForest","T01","T01_P2","T01_P2_2","Baccaurea macrocarpa","Species","C",13.7,14
"SimForest","T01","T01_P1","T01_P1_3","Baccaurea macrocarpa","Species","B",21.9,18.6
"SimForest","T01","T01_P3","T01_P3_4","Baccaurea macrocarpa","Species","B",30.5,21.8
"SimForest","T01","T01_P2","T01_P2_5","Baccaurea macrocarpa","Species","B",26.3,22.4
"SimForest","T01","T01_P1","T01_P1_6","Baccaurea macrocarpa","Species","C",12.3,11.7
"SimForest","T01","T01_P4","T01_P4_7","Baccaurea macrocarpa","Species","B",19.9,16.5
"SimForest","T01","T01_P1","T01_P1_1","Garcinia parvifolia","Species","B",22.3,18.3
"SimForest","T01","T01_P1","T01_P1_2","Garcinia parvifolia","Species","C",7.8,10.2
"SimForest","T01","T01_P3","T01_P3_3","Garcinia parvifolia","Species","C",10,10.9
"SimForest","T01","T01_P2","T01_P2_4","Garcinia parvifolia","Species","C",9.9,11
"SimForest","T01","T01_P2","T01_P2_5","Garcinia parvifolia","Species","A",50.2,33.8
"SimForest","T01","T01_P2","T01_P2_6","Garcinia parvifolia","Species","B",25.2,18.7
"SimForest","T01","T01_P3","T01_P3_7","Garcinia parvifolia","Species","C",13,14
"SimForest","T01","T01_P1","T01_P1_1","Alstonia scholaris","Species","B",20.3,18.6
"SimForest","T01","T01_P3","T01_P3_2","Alstonia scholaris","Species","C",13.8,13.1
"SimForest","T01","T01_P3","T01_P3_3","Alstonia scholaris","Species","B",17.4,14.5
"SimForest","T01","T01_P1","T01_P1_1","Calophyllum inophyllum","Species","A",39,24.9
"SimForest","T01","T01_P5","T01_P5_2","Calophyllum inophyllum","Species","A",43.6,29.6
"SimForest","T01","T01_P4","T01_P4_3","Calophyllum inophyllum","Species","C",15.8,15.6
"SimForest","T01","T01_P1","T01_P1_4","Calophyllum inophyllum","Species","C",12.2,11.3
"SimForest","T01","T01_P2","T01_P2_5","Calophyllum inophyllum","Species","B",18.1,17.5
"SimForest","T01","T01_P1","T01_P1_1","Elateriospermum tapos","Species","B",31.9,27.2
"SimForest","T01","T01_P1","T01_P1_2","Elateriospermum tapos","Species","A",41,31.3
"SimForest","T01","T01_P5","T01_P5_3","Elateriospermum tapos","Species","A",67.6,45.4
"SimForest","T01","T01_P4","T01_P4_4","Elateriospermum tapos","Species","B",18.8,16
"SimForest","T01","T01_P5","T01_P5_5","Elateriospermum tapos","Species","C",6.1,8.7
"SimForest","T01","T01_P3","T01_P3_6","Elateriospermum tapos","Species","B",21.7,18.9
"SimForest","T01","T01_P1","T01_P1_1","Eusideroxylon zwageri","Species","A",60.7,45
"SimForest","T01","T01_P1","T01_P1_2","Eusideroxylon zwageri","Species","A",35.1,25.2
"SimForest","T01","T01_P4","T01_P4_3","Eusideroxylon zwageri","Species","A",68.3,45.2
"SimForest","T01","T01_P5","T01_P5_4","Eusideroxylon zwageri","Species","A",55.8,38.9
"SimForest","T01","T01_P4","T01_P4_5","Eusideroxylon zwageri","Species","B",23.4,17.1
"SimForest","T01","T01_P1","T01_P1_6","Eusideroxylon zwageri","Species","A",59.2,39.7
"SimForest","T01","T01_P3","T01_P3_7","Eusideroxylon zwageri","Species","B",31.8,26.6
"SimForest","T01","T01_P4","T01_P4_1","Intsia palembanica","Species","C",10.9,11.6
"SimForest","T01","T01_P4","T01_P4_2","Intsia palembanica","Species","B",24.3,21.8
"SimForest","T01","T01_P1","T01_P1_3","Intsia palembanica","Species","B",21.2,17.8
"SimForest","T01","T01_P3","T01_P3_1","Macaranga gigantea","Species","B",27.3,23.1
"SimForest","T01","T01_P3","T01_P3_2","Macaranga gigantea","Species","C",7.6,9.2
"SimForest","T01","T01_P1","T01_P1_3","Macaranga gigantea","Species","C",10.7,11.9
"SimForest","T01","T01_P4","T01_P4_4","Macaranga gigantea","Species","C",6.9,9.4
"SimForest","T01","T01_P2","T01_P2_1","Mallotus paniculatus","Species","B",24.8,17.9
"SimForest","T01","T01_P2","T01_P2_2","Mallotus paniculatus","Species","C",15.6,14.9
"SimForest","T01","T01_P1","T01_P1_3","Mallotus paniculatus","Species","A",34,22.2
"SimForest","T01","T01_P2","T01_P2_4","Mallotus paniculatus","Species","C",13.4,12.7
"SimForest","T01","T01_P2","T01_P2_5","Mallotus paniculatus","Species","C",8.3,10.3
"SimForest","T01","T01_P2","T01_P2_6","Mallotus paniculatus","Species","C",9.9,11.3
"SimForest","T01","T01_P3","T01_P3_7","Mallotus paniculatus","Species","B",28.9,23
"SimForest","T01","T01_P3","T01_P3_8","Mallotus paniculatus","Species","C",14.4,12.4
"SimForest","T01","T01_P5","T01_P5_1","Nephelium lappaceum","Species","B",32,24.1
"SimForest","T01","T01_P4","T01_P4_2","Nephelium lappaceum","Species","B",22.7,20.9
"SimForest","T01","T01_P2","T01_P2_3","Nephelium lappaceum","Species","C",8.3,9.9
"SimForest","T01","T01_P3","T01_P3_4","Nephelium lappaceum","Species","B",18.2,15
"SimForest","T01","T01_P3","T01_P3_1","Parkia speciosa","Species","B",20.9,18.7
"SimForest","T01","T01_P2","T01_P2_2","Parkia speciosa","Species","C",8.9,9.6
"SimForest","T01","T01_P3","T01_P3_3","Parkia speciosa","Species","B",18.2,16.1
"SimForest","T01","T01_P3","T01_P3_4","Parkia speciosa","Species","C",10.1,10.3
"SimForest","T01","T01_P1","T01_P1_5","Parkia speciosa","Species","A",51.5,34.4
"SimForest","T01","T01_P4","T01_P4_6","Parkia speciosa","Species","C",8.1,10.5
"SimForest","T01","T01_P2","T01_P2_7","Parkia speciosa","Species","B",25.2,21.4
"SimForest","T01","T01_P5","T01_P5_8","Parkia speciosa","Species","B",20.4,15.8
"SimForest","T01","T01_P4","T01_P4_9","Parkia speciosa","Species","C",7.1,9.3
"SimForest","T01","T01_P1","T01_P1_1","Vatica rassak","Species","B",24.7,19.3
"SimForest","T01","T01_P1","T01_P1_2","Vatica rassak","Species","B",25.2,22
"SimForest","T01","T01_P5","T01_P5_3","Vatica rassak","Species","B",17.5,15
"SimForest","T01","T01_P5","T01_P5_4","Vatica rassak","Species","B",20.7,15.5
"SimForest","T01","T01_P3","T01_P3_5","Vatica rassak","Species","C",9.5,10.1
"SimForest","T02","T02_P5","T02_P5_1","Shorea leprosula","Species","C",7.1,9.8
"SimForest","T02","T02_P2","T02_P2_2","Shorea leprosula","Species","B",21,17
"SimForest","T02","T02_P2","T02_P2_3","Shorea leprosula","Species","B",17.8,14.5
"SimForest","T02","T02_P1","T02_P1_4","Shorea leprosula","Species","B",25.4,20.7
"SimForest","T02","T02_P1","T02_P1_5","Shorea leprosula","Species","C",15.7,14.7
"SimForest","T02","T02_P1","T02_P1_1","Shorea parvifolia","Species","C",15,13
"SimForest","T02","T02_P2","T02_P2_1","Shorea acuminata","Species","C",6,8.3
"SimForest","T02","T02_P1","T02_P1_2","Shorea acuminata","Species","B",19.1,16.5
"SimForest","T02","T02_P3","T02_P3_3","Shorea acuminata","Species","C",9.7,10.8
"SimForest","T02","T02_P1","T02_P1_4","Shorea acuminata","Species","B",24.4,19.8
"SimForest","T02","T02_P4","T02_P4_1","Dipterocarpus alatus","Species","A",47.5,37.6
"SimForest","T02","T02_P2","T02_P2_1","Dipterocarpus caudatus","Species","B",31,23.6
"SimForest","T02","T02_P3","T02_P3_2","Dipterocarpus caudatus","Species","C",10.3,11.6
"SimForest","T02","T02_P4","T02_P4_3","Dipterocarpus caudatus","Species","C",8.2,10.5
"SimForest","T02","T02_P3","T02_P3_4","Dipterocarpus caudatus","Species","A",53.8,33.8
"SimForest","T02","T02_P5","T02_P5_1","Hopea nervosa","Species","C",7,9.9
"SimForest","T02","T02_P5","T02_P5_2","Hopea nervosa","Species","A",40.1,25.7
"SimForest","T02","T02_P1","T02_P1_3","Hopea nervosa","Species","C",10.5,11.9
"SimForest","T02","T02_P3","T02_P3_1","Dryobalanops aromatica","Species","C",13,12
"SimForest","T02","T02_P1","T02_P1_2","Dryobalanops aromatica","Species","B",27.6,22.2
"SimForest","T02","T02_P4","T02_P4_3","Dryobalanops aromatica","Species","B",31.1,24.9
"SimForest","T02","T02_P1","T02_P1_1","Syzygium polyanthum","Species","C",14.8,13.7
"SimForest","T02","T02_P5","T02_P5_2","Syzygium polyanthum","Species","C",7.3,9.8
"SimForest","T02","T02_P4","T02_P4_1","Syzygium claviflorum","Species","B",20,17.3
"SimForest","T02","T02_P5","T02_P5_1","Dacryodes rostrata","Species","B",17.2,16.6
"SimForest","T02","T02_P4","T02_P4_2","Dacryodes rostrata","Species","C",9.1,10.8
"SimForest","T02","T02_P3","T02_P3_3","Dacryodes rostrata","Species","B",23.2,19.3
"SimForest","T02","T02_P1","T02_P1_4","Dacryodes rostrata","Species","B",16.6,13.4
"SimForest","T02","T02_P4","T02_P4_5","Dacryodes rostrata","Species","C",13.5,13.8
"SimForest","T02","T02_P2","T02_P2_6","Dacryodes rostrata","Species","A",62.7,42
"SimForest","T02","T02_P3","T02_P3_1","Ficus benjamina","Species","B",20,18.1
"SimForest","T02","T02_P5","T02_P5_1","Ficus variegata","Species","C",9.1,10.4
"SimForest","T02","T02_P4","T02_P4_1","Artocarpus elasticus","Species","B",22.5,18.8
"SimForest","T02","T02_P4","T02_P4_2","Artocarpus elasticus","Species","C",14.1,13.5
"SimForest","T02","T02_P3","T02_P3_1","Durio zibethinus","Species","B",30.6,20.6
"SimForest","T02","T02_P2","T02_P2_2","Durio zibethinus","Species","C",6.5,9.2
"SimForest","T02","T02_P4","T02_P4_3","Durio zibethinus","Species","C",9.9,11.1
"SimForest","T02","T02_P2","T02_P2_4","Durio zibethinus","Species","C",9.6,9.9
"SimForest","T02","T02_P4","T02_P4_5","Durio zibethinus","Species","C",6.8,8.6
"SimForest","T02","T02_P1","T02_P1_1","Koompassia excelsa","Species","B",30.1,23.9
"SimForest","T02","T02_P3","T02_P3_2","Koompassia excelsa","Species","B",18.4,14.8
"SimForest","T02","T02_P5","T02_P5_3","Koompassia excelsa","Species","C",8.9,9.5
"SimForest","T02","T02_P5","T02_P5_4","Koompassia excelsa","Species","B",28.4,24
"SimForest","T02","T02_P3","T02_P3_1","Dyera costulata","Species","C",12.3,12.7
"SimForest","T02","T02_P3","T02_P3_2","Dyera costulata","Species","C",9.7,11.5
"SimForest","T02","T02_P5","T02_P5_3","Dyera costulata","Species","A",46,29.5
"SimForest","T02","T02_P1","T02_P1_4","Dyera costulata","Species","B",18.7,15.1
"SimForest","T02","T02_P4","T02_P4_1","Palaquium rostratum","Species","C",7.5,9.1
"SimForest","T02","T02_P1","T02_P1_2","Palaquium rostratum","Species","B",21.8,16.8
"SimForest","T02","T02_P2","T02_P2_3","Palaquium rostratum","Species","A",61,37.7
"SimForest","T02","T02_P3","T02_P3_4","Palaquium rostratum","Species","B",21.6,17.5
"SimForest","T02","T02_P3","T02_P3_1","Santiria laevigata","Species","B",22.9,19.7
"SimForest","T02","T02_P2","T02_P2_2","Santiria laevigata","Species","B",25.2,19.3
"SimForest","T02","T02_P3","T02_P3_3","Santiria laevigata","Species","C",7,9
"SimForest","T02","T02_P3","T02_P3_4","Santiria laevigata","Species","B",22.4,16.7
"SimForest","T02","T02_P3","T02_P3_5","Santiria laevigata","Species","C",9.2,10.3
"SimForest","T02","T02_P5","T02_P5_6","Santiria laevigata","Species","C",10.6,12.4
"SimForest","T02","T02_P5","T02_P5_1","Aglaia argentea","Species","A",43.4,29.3
"SimForest","T02","T02_P3","T02_P3_2","Aglaia argentea","Species","A",59.7,42.5
"SimForest","T02","T02_P1","T02_P1_3","Aglaia argentea","Species","C",11.6,12.7
"SimForest","T02","T02_P3","T02_P3_1","Knema laurina","Species","A",33,26.1
"SimForest","T02","T02_P4","T02_P4_2","Knema laurina","Species","C",12.2,13
"SimForest","T02","T02_P4","T02_P4_3","Knema laurina","Species","A",72.4,41.3
"SimForest","T02","T02_P2","T02_P2_4","Knema laurina","Species","C",13.6,12.3
"SimForest","T02","T02_P1","T02_P1_5","Knema laurina","Species","C",7.3,8.9
"SimForest","T02","T02_P1","T02_P1_6","Knema laurina","Species","B",23.7,18.1
"SimForest","T02","T02_P5","T02_P5_7","Knema laurina","Species","C",8.3,10.1
"SimForest","T02","T02_P4","T02_P4_8","Knema laurina","Species","A",35.8,24.3
"SimForest","T02","T02_P2","T02_P2_1","Litsea firma","Species","B",21.7,16.3
"SimForest","T02","T02_P1","T02_P1_2","Litsea firma","Species","B",28.8,24.6
"SimForest","T02","T02_P3","T02_P3_3","Litsea firma","Species","C",15.2,13
"SimForest","T02","T02_P3","T02_P3_4","Litsea firma","Species","C",6.2,8.1
"SimForest","T02","T02_P4","T02_P4_5","Litsea firma","Species","C",8.8,10.3
"SimForest","T02","T02_P2","T02_P2_6","Litsea firma","Species","C",7.6,8.9
"SimForest","T02","T02_P3","T02_P3_7","Litsea firma","Species","C",11.6,12.1
"SimForest","T02","T02_P5","T02_P5_1","Baccaurea macrocarpa","Species","C",8.4,10.2
"SimForest","T02","T02_P1","T02_P1_2","Baccaurea macrocarpa","Species","C",15.6,13.2
"SimForest","T02","T02_P1","T02_P1_3","Baccaurea macrocarpa","Species","B",24.6,18.4
"SimForest","T02","T02_P1","T02_P1_4","Baccaurea macrocarpa","Species","C",9.7,10.6
"SimForest","T02","T02_P1","T02_P1_1","Garcinia parvifolia","Species","C",13.2,13.2
"SimForest","T02","T02_P2","T02_P2_2","Garcinia parvifolia","Species","B",31,25.4
"SimForest","T02","T02_P3","T02_P3_3","Garcinia parvifolia","Species","C",8.8,10.9
"SimForest","T02","T02_P3","T02_P3_4","Garcinia parvifolia","Species","C",6.1,9.2
"SimForest","T02","T02_P4","T02_P4_5","Garcinia parvifolia","Species","C",10.2,10.6
"SimForest","T02","T02_P5","T02_P5_1","Alstonia scholaris","Species","C",8.3,9.8
"SimForest","T02","T02_P1","T02_P1_1","Calophyllum inophyllum","Species","B",29.9,25.2
"SimForest","T02","T02_P2","T02_P2_2","Calophyllum inophyllum","Species","C",8.8,10
"SimForest","T02","T02_P5","T02_P5_1","Elateriospermum tapos","Species","C",13.8,14.4
"SimForest","T02","T02_P1","T02_P1_2","Elateriospermum tapos","Species","C",6.1,8.1
"SimForest","T02","T02_P4","T02_P4_3","Elateriospermum tapos","Species","B",26.6,20.5
"SimForest","T02","T02_P4","T02_P4_4","Elateriospermum tapos","Species","B",31.4,25.3
"SimForest","T02","T02_P2","T02_P2_5","Elateriospermum tapos","Species","B",27.9,22.7
"SimForest","T02","T02_P1","T02_P1_6","Elateriospermum tapos","Species","B",22,18.1
"SimForest","T02","T02_P4","T02_P4_1","Eusideroxylon zwageri","Species","C",6.7,9.3
"SimForest","T02","T02_P3","T02_P3_2","Eusideroxylon zwageri","Species","B",21.8,18.6
"SimForest","T02","T02_P1","T02_P1_3","Eusideroxylon zwageri","Species","C",8.8,10.2
"SimForest","T02","T02_P5","T02_P5_4","Eusideroxylon zwageri","Species","A",54.2,33.4
"SimForest","T02","T02_P2","T02_P2_5","Eusideroxylon zwageri","Species","C",8.7,10.9
"SimForest","T02","T02_P5","T02_P5_6","Eusideroxylon zwageri","Species","A",44.3,31.4
"SimForest","T02","T02_P3","T02_P3_7","Eusideroxylon zwageri","Species","C",12.9,11.4
"SimForest","T02","T02_P3","T02_P3_8","Eusideroxylon zwageri","Species","B",18,15.3
"SimForest","T02","T02_P1","T02_P1_9","Eusideroxylon zwageri","Species","C",15.2,13.4
"SimForest","T02","T02_P1","T02_P1_10","Eusideroxylon zwageri","Species","C",13,12.3
"SimForest","T02","T02_P4","T02_P4_11","Eusideroxylon zwageri","Species","A",33.4,25.9
"SimForest","T02","T02_P4","T02_P4_1","Macaranga gigantea","Species","C",9.4,10
"SimForest","T02","T02_P2","T02_P2_2","Macaranga gigantea","Species","C",12,11.8
"SimForest","T02","T02_P5","T02_P5_3","Macaranga gigantea","Species","B",28.1,19.5
"SimForest","T02","T02_P2","T02_P2_4","Macaranga gigantea","Species","A",42.9,32.6
"SimForest","T02","T02_P4","T02_P4_5","Macaranga gigantea","Species","C",13.1,12.3
"SimForest","T02","T02_P4","T02_P4_6","Macaranga gigantea","Species","C",6.9,9
"SimForest","T02","T02_P2","T02_P2_1","Mallotus paniculatus","Species","B",21,17.8
"SimForest","T02","T02_P1","T02_P1_2","Mallotus paniculatus","Species","B",26,19.2
"SimForest","T02","T02_P5","T02_P5_3","Mallotus paniculatus","Species","B",24.7,20.9
"SimForest","T02","T02_P2","T02_P2_4","Mallotus paniculatus","Species","C",7.4,9.7
"SimForest","T02","T02_P4","T02_P4_1","Parkia speciosa","Species","A",44,30.8
"SimForest","T02","T02_P1","T02_P1_2","Parkia speciosa","Species","B",19.6,18
"SimForest","T02","T02_P2","T02_P2_3","Parkia speciosa","Species","B",18.6,17.9
"SimForest","T02","T02_P4","T02_P4_4","Parkia speciosa","Species","C",12.9,11.4
"SimForest","T02","T02_P5","T02_P5_5","Parkia speciosa","Species","A",67.2,43.8
"SimForest","T02","T02_P2","T02_P2_6","Parkia speciosa","Species","C",10.8,12.4
"SimForest","T02","T02_P2","T02_P2_1","Vatica rassak","Species","C",5.8,8.2
"SimForest","T02","T02_P5","T02_P5_2","Vatica rassak","Species","C",13.7,12.3
"SimForest","T02","T02_P4","T02_P4_3","Vatica rassak","Species","C",6,9.2
"SimForest","T02","T02_P1","T02_P1_4","Vatica rassak","Species","A",35.8,23.1
"SimForest","T03","T03_P5","T03_P5_1","Shorea leprosula","Species","C",14.1,12.6
"SimForest","T03","T03_P3","T03_P3_2","Shorea leprosula","Species","B",21.4,19.9
"SimForest","T03","T03_P4","T03_P4_3","Shorea leprosula","Species","A",40.7,32.4
"SimForest","T03","T03_P1","T03_P1_1","Shorea parvifolia","Species","C",11.3,12.7
"SimForest","T03","T03_P4","T03_P4_2","Shorea parvifolia","Species","C",15,14.1
"SimForest","T03","T03_P3","T03_P3_3","Shorea parvifolia","Species","C",14.3,13.9
"SimForest","T03","T03_P2","T03_P2_1","Shorea acuminata","Species","C",7,8.9
"SimForest","T03","T03_P5","T03_P5_2","Shorea acuminata","Species","A",55.7,37.5
"SimForest","T03","T03_P2","T03_P2_1","Dipterocarpus caudatus","Species","C",8.8,10.5
"SimForest","T03","T03_P4","T03_P4_2","Dipterocarpus caudatus","Species","C",15.4,15.6
"SimForest","T03","T03_P2","T03_P2_3","Dipterocarpus caudatus","Species","B",28.5,22.3
"SimForest","T03","T03_P3","T03_P3_4","Dipterocarpus caudatus","Species","C",13.9,13.7
"SimForest","T03","T03_P3","T03_P3_1","Hopea nervosa","Species","C",5.6,8
"SimForest","T03","T03_P5","T03_P5_1","Dryobalanops aromatica","Species","A",53.7,31.8
"SimForest","T03","T03_P3","T03_P3_2","Dryobalanops aromatica","Species","A",49.2,38.2
"SimForest","T03","T03_P1","T03_P1_1","Syzygium polyanthum","Species","B",28.5,20.1
"SimForest","T03","T03_P3","T03_P3_2","Syzygium polyanthum","Species","A",63.3,39.6
"SimForest","T03","T03_P1","T03_P1_3","Syzygium polyanthum","Species","A",54,32.7
"SimForest","T03","T03_P3","T03_P3_4","Syzygium polyanthum","Species","C",8.1,10.7
"SimForest","T03","T03_P2","T03_P2_1","Syzygium claviflorum","Species","A",46.3,37.3
"SimForest","T03","T03_P4","T03_P4_2","Syzygium claviflorum","Species","B",23.8,17.2
"SimForest","T03","T03_P2","T03_P2_1","Dacryodes rostrata","Species","C",14.6,13.8
"SimForest","T03","T03_P5","T03_P5_1","Diospyros macrophylla","Species","B",21.5,18.9
"SimForest","T03","T03_P3","T03_P3_2","Diospyros macrophylla","Species","A",42,29.8
"SimForest","T03","T03_P4","T03_P4_1","Ficus benjamina","Species","C",13,13
"SimForest","T03","T03_P2","T03_P2_2","Ficus benjamina","Species","C",13.9,13.9
"SimForest","T03","T03_P3","T03_P3_3","Ficus benjamina","Species","C",7.7,9.7
"SimForest","T03","T03_P4","T03_P4_4","Ficus benjamina","Species","B",25.5,19.7
"SimForest","T03","T03_P1","T03_P1_5","Ficus benjamina","Species","C",7,9.1
"SimForest","T03","T03_P4","T03_P4_1","Ficus variegata","Species","C",9.8,10.1
"SimForest","T03","T03_P1","T03_P1_1","Artocarpus elasticus","Species","A",40,27.9
"SimForest","T03","T03_P3","T03_P3_1","Durio zibethinus","Species","C",9.7,10.2
"SimForest","T03","T03_P4","T03_P4_1","Koompassia excelsa","Species","C",12.6,12.1
"SimForest","T03","T03_P5","T03_P5_1","Dyera costulata","Species","C",12.6,13.2
"SimForest","T03","T03_P2","T03_P2_1","Palaquium rostratum","Species","C",11.9,12
"SimForest","T03","T03_P3","T03_P3_2","Palaquium rostratum","Species","C",11.6,12.7
"SimForest","T03","T03_P4","T03_P4_3","Palaquium rostratum","Species","C",5.6,8
"SimForest","T03","T03_P5","T03_P5_4","Palaquium rostratum","Species","A",52.6,39.8
"SimForest","T03","T03_P3","T03_P3_5","Palaquium rostratum","Species","B",17.3,15.4
"SimForest","T03","T03_P5","T03_P5_1","Santiria laevigata","Species","C",15.4,15.2
"SimForest","T03","T03_P4","T03_P4_2","Santiria laevigata","Species","A",68.3,43.2
"SimForest","T03","T03_P2","T03_P2_1","Aglaia argentea","Species","C",12.8,11.9
"SimForest","T03","T03_P2","T03_P2_2","Aglaia argentea","Species","C",13.7,14.3
"SimForest","T03","T03_P4","T03_P4_1","Knema laurina","Species","C",11,11.1
"SimForest","T03","T03_P3","T03_P3_2","Knema laurina","Species","B",19.7,16
"SimForest","T03","T03_P5","T03_P5_3","Knema laurina","Species","C",9.3,11.4
"SimForest","T03","T03_P2","T03_P2_4","Knema laurina","Species","C",8.5,10
"SimForest","T03","T03_P5","T03_P5_5","Knema laurina","Species","B",25.9,18.3
"SimForest","T03","T03_P5","T03_P5_1","Horsfieldia irya","Species","C",12.5,12.2
"SimForest","T03","T03_P4","T03_P4_2","Horsfieldia irya","Species","B",29.5,20.4
"SimForest","T03","T03_P2","T03_P2_3","Horsfieldia irya","Species","A",69.3,49.8
"SimForest","T03","T03_P1","T03_P1_4","Horsfieldia irya","Species","C",12.4,11.9
"SimForest","T03","T03_P4","T03_P4_5","Horsfieldia irya","Species","A",62.9,40.1
"SimForest","T03","T03_P5","T03_P5_1","Litsea firma","Species","C",9.1,11
"SimForest","T03","T03_P2","T03_P2_2","Litsea firma","Species","B",18.4,17
"SimForest","T03","T03_P5","T03_P5_1","Baccaurea macrocarpa","Species","A",60,44.2
"SimForest","T03","T03_P5","T03_P5_2","Baccaurea macrocarpa","Species","C",9.3,9.6
"SimForest","T03","T03_P4","T03_P4_3","Baccaurea macrocarpa","Species","C",15.2,15.2
"SimForest","T03","T03_P4","T03_P4_4","Baccaurea macrocarpa","Species","B",24.5,21.3
"SimForest","T03","T03_P1","T03_P1_5","Baccaurea macrocarpa","Species","B",25,18.9
"SimForest","T03","T03_P1","T03_P1_6","Baccaurea macrocarpa","Species","C",9,10.7
"SimForest","T03","T03_P3","T03_P3_7","Baccaurea macrocarpa","Species","A",62.4,41.7
"SimForest","T03","T03_P3","T03_P3_8","Baccaurea macrocarpa","Species","C",7.4,9
"SimForest","T03","T03_P2","T03_P2_1","Garcinia parvifolia","Species","B",20.8,17.9
"SimForest","T03","T03_P1","T03_P1_1","Alstonia scholaris","Species","C",12.3,12.1
"SimForest","T03","T03_P2","T03_P2_1","Calophyllum inophyllum","Species","A",41.1,29.2
"SimForest","T03","T03_P2","T03_P2_2","Calophyllum inophyllum","Species","C",8.7,10.3
"SimForest","T03","T03_P5","T03_P5_1","Elateriospermum tapos","Species","B",25.8,19.2
"SimForest","T03","T03_P3","T03_P3_2","Elateriospermum tapos","Species","A",68.1,49.8
"SimForest","T03","T03_P1","T03_P1_3","Elateriospermum tapos","Species","C",15.4,12.8
"SimForest","T03","T03_P2","T03_P2_1","Eusideroxylon zwageri","Species","A",49.2,39.3
"SimForest","T03","T03_P4","T03_P4_2","Eusideroxylon zwageri","Species","A",52.7,35.2
"SimForest","T03","T03_P4","T03_P4_1","Intsia palembanica","Species","C",7,9.3
"SimForest","T03","T03_P1","T03_P1_2","Intsia palembanica","Species","C",8.3,10.1
"SimForest","T03","T03_P1","T03_P1_1","Mallotus paniculatus","Species","B",26,19.7
"SimForest","T03","T03_P2","T03_P2_2","Mallotus paniculatus","Species","B",25.9,20.8
"SimForest","T03","T03_P5","T03_P5_3","Mallotus paniculatus","Species","A",39.1,27.8
"SimForest","T03","T03_P3","T03_P3_4","Mallotus paniculatus","Species","C",6.8,9.1
"SimForest","T03","T03_P5","T03_P5_5","Mallotus paniculatus","Species","B",19.5,15.4
"SimForest","T03","T03_P5","T03_P5_6","Mallotus paniculatus","Species","C",10.6,10.9
"SimForest","T03","T03_P4","T03_P4_7","Mallotus paniculatus","Species","C",12.1,11.6
"SimForest","T03","T03_P3","T03_P3_1","Nephelium lappaceum","Species","B",21.7,16.1
"SimForest","T03","T03_P4","T03_P4_2","Nephelium lappaceum","Species","B",17.7,17.1
"SimForest","T03","T03_P3","T03_P3_1","Parkia speciosa","Species","B",29.6,25.2
"SimForest","T03","T03_P4","T03_P4_2","Parkia speciosa","Species","A",47.8,35.2
"SimForest","T03","T03_P5","T03_P5_3","Parkia speciosa","Species","A",68.2,50.6
"SimForest","T03","T03_P1","T03_P1_4","Parkia speciosa","Species","B",25.2,21.6
"SimForest","T03","T03_P1","T03_P1_5","Parkia speciosa","Species","A",39.7,32.5
"SimForest","T03","T03_P4","T03_P4_6","Parkia speciosa","Species","B",22.2,18.6
"SimForest","T03","T03_P4","T03_P4_7","Parkia speciosa","Species","C",11.7,12.5
"SimForest","T03","T03_P5","T03_P5_1","Vatica rassak","Species","C",10.5,11.5
"SimForest","T03","T03_P3","T03_P3_2","Vatica rassak","Species","C",5.6,8.7
"SimForest","T04","T04_P4","T04_P4_1","Shorea leprosula","Species","C",10.8,11.7
"SimForest","T04","T04_P4","T04_P4_2","Shorea leprosula","Species","C",13.4,14.2
"SimForest","T04","T04_P4","T04_P4_3","Shorea leprosula","Species","B",28.1,21.4
"SimForest","T04","T04_P5","T04_P5_4","Shorea leprosula","Species","C",8.9,10.2
"SimForest","T04","T04_P5","T04_P5_5","Shorea leprosula","Species","B",26.1,21.3
"SimForest","T04","T04_P4","T04_P4_6","Shorea leprosula","Species","C",15.8,16.1
"SimForest","T04","T04_P5","T04_P5_7","Shorea leprosula","Species","B",32,26.9
"SimForest","T04","T04_P5","T04_P5_8","Shorea leprosula","Species","A",74.7,56
"SimForest","T04","T04_P2","T04_P2_9","Shorea leprosula","Species","C",13.4,14
"SimForest","T04","T04_P2","T04_P2_1","Shorea parvifolia","Species","C",12.7,12.3
"SimForest","T04","T04_P1","T04_P1_1","Shorea acuminata","Species","C",6.7,9
"SimForest","T04","T04_P1","T04_P1_2","Shorea acuminata","Species","B",26.9,19.3
"SimForest","T04","T04_P1","T04_P1_3","Shorea acuminata","Species","C",7.3,9.4
"SimForest","T04","T04_P2","T04_P2_4","Shorea acuminata","Species","C",9.6,11.4
"SimForest","T04","T04_P5","T04_P5_5","Shorea acuminata","Species","C",8.5,10.5
"SimForest","T04","T04_P3","T04_P3_6","Shorea acuminata","Species","C",10,10.7
"SimForest","T04","T04_P2","T04_P2_1","Dipterocarpus alatus","Species","B",21.9,16.8
"SimForest","T04","T04_P1","T04_P1_2","Dipterocarpus alatus","Species","B",29.6,23.4
"SimForest","T04","T04_P3","T04_P3_3","Dipterocarpus alatus","Species","C",13.1,13
"SimForest","T04","T04_P2","T04_P2_4","Dipterocarpus alatus","Species","B",28.5,21.7
"SimForest","T04","T04_P3","T04_P3_5","Dipterocarpus alatus","Species","A",37.9,27.6
"SimForest","T04","T04_P5","T04_P5_1","Dipterocarpus caudatus","Species","C",9.2,10.3
"SimForest","T04","T04_P4","T04_P4_2","Dipterocarpus caudatus","Species","B",27.7,21.2
"SimForest","T04","T04_P1","T04_P1_3","Dipterocarpus caudatus","Species","C",15.6,15.2
"SimForest","T04","T04_P3","T04_P3_4","Dipterocarpus caudatus","Species","C",16.3,13.8
"SimForest","T04","T04_P2","T04_P2_5","Dipterocarpus caudatus","Species","C",8,10.2
"SimForest","T04","T04_P3","T04_P3_6","Dipterocarpus caudatus","Species","C",10.4,12
"SimForest","T04","T04_P4","T04_P4_7","Dipterocarpus caudatus","Species","A",48.7,37.3
"SimForest","T04","T04_P3","T04_P3_1","Hopea nervosa","Species","C",7.5,8.9
"SimForest","T04","T04_P1","T04_P1_2","Hopea nervosa","Species","C",14.1,14.8
"SimForest","T04","T04_P1","T04_P1_3","Hopea nervosa","Species","C",11.5,13
"SimForest","T04","T04_P1","T04_P1_1","Dryobalanops aromatica","Species","B",20.1,15.3
"SimForest","T04","T04_P3","T04_P3_2","Dryobalanops aromatica","Species","C",11.3,12.2
"SimForest","T04","T04_P3","T04_P3_3","Dryobalanops aromatica","Species","C",15.9,13.8
"SimForest","T04","T04_P1","T04_P1_4","Dryobalanops aromatica","Species","C",11.5,11.4
"SimForest","T04","T04_P5","T04_P5_5","Dryobalanops aromatica","Species","A",58.4,38.2
"SimForest","T04","T04_P3","T04_P3_1","Syzygium polyanthum","Species","B",32.6,23.4
"SimForest","T04","T04_P1","T04_P1_1","Syzygium claviflorum","Species","B",24.8,21.2
"SimForest","T04","T04_P5","T04_P5_2","Syzygium claviflorum","Species","C",14.4,13
"SimForest","T04","T04_P4","T04_P4_3","Syzygium claviflorum","Species","C",13.2,13.6
"SimForest","T04","T04_P2","T04_P2_1","Dacryodes rostrata","Species","C",15.5,13
"SimForest","T04","T04_P2","T04_P2_2","Dacryodes rostrata","Species","C",11.2,12.5
"SimForest","T04","T04_P2","T04_P2_3","Dacryodes rostrata","Species","A",42.4,33.4
"SimForest","T04","T04_P4","T04_P4_4","Dacryodes rostrata","Species","A",52.4,39.3
"SimForest","T04","T04_P2","T04_P2_5","Dacryodes rostrata","Species","C",11.5,10.8
"SimForest","T04","T04_P2","T04_P2_6","Dacryodes rostrata","Species","C",9.8,11.6
"SimForest","T04","T04_P1","T04_P1_7","Dacryodes rostrata","Species","A",48.7,38.8
"SimForest","T04","T04_P4","T04_P4_8","Dacryodes rostrata","Species","C",11.9,11.1
"SimForest","T04","T04_P1","T04_P1_9","Dacryodes rostrata","Species","B",27.8,23.4
"SimForest","T04","T04_P1","T04_P1_10","Dacryodes rostrata","Species","C",15.4,14.6
"SimForest","T04","T04_P2","T04_P2_1","Diospyros macrophylla","Species","C",8.1,10.2
"SimForest","T04","T04_P2","T04_P2_2","Diospyros macrophylla","Species","B",28.4,23.8
"SimForest","T04","T04_P4","T04_P4_3","Diospyros macrophylla","Species","B",26.6,23.5
"SimForest","T04","T04_P5","T04_P5_4","Diospyros macrophylla","Species","B",18.8,15.6
"SimForest","T04","T04_P3","T04_P3_1","Ficus benjamina","Species","C",16.4,14.4
"SimForest","T04","T04_P5","T04_P5_1","Ficus variegata","Species","C",11.2,12.7
"SimForest","T04","T04_P3","T04_P3_1","Artocarpus elasticus","Species","C",13.8,13.8
"SimForest","T04","T04_P1","T04_P1_2","Artocarpus elasticus","Species","C",9.8,10.6
"SimForest","T04","T04_P1","T04_P1_3","Artocarpus elasticus","Species","C",8.8,9.5
"SimForest","T04","T04_P4","T04_P4_1","Durio zibethinus","Species","C",7.7,10.3
"SimForest","T04","T04_P1","T04_P1_2","Durio zibethinus","Species","A",49.9,32.7
"SimForest","T04","T04_P4","T04_P4_1","Koompassia excelsa","Species","A",48.8,31.8
"SimForest","T04","T04_P3","T04_P3_2","Koompassia excelsa","Species","C",16.3,14.7
"SimForest","T04","T04_P4","T04_P4_3","Koompassia excelsa","Species","B",30.5,21.5
"SimForest","T04","T04_P2","T04_P2_4","Koompassia excelsa","Species","C",10.9,11.6
"SimForest","T04","T04_P2","T04_P2_5","Koompassia excelsa","Species","C",14.9,13.2
"SimForest","T04","T04_P3","T04_P3_1","Dyera costulata","Species","C",9.5,11.4
"SimForest","T04","T04_P3","T04_P3_2","Dyera costulata","Species","C",14.2,13.3
"SimForest","T04","T04_P5","T04_P5_3","Dyera costulata","Species","C",10.9,10.5
"SimForest","T04","T04_P3","T04_P3_4","Dyera costulata","Species","B",18.5,17.6
"SimForest","T04","T04_P3","T04_P3_1","Palaquium rostratum","Species","C",11.4,10.8
"SimForest","T04","T04_P1","T04_P1_2","Palaquium rostratum","Species","A",53.6,32
"SimForest","T04","T04_P2","T04_P2_3","Palaquium rostratum","Species","C",14.6,12.7
"SimForest","T04","T04_P1","T04_P1_1","Santiria laevigata","Species","C",15,15.2
"SimForest","T04","T04_P4","T04_P4_2","Santiria laevigata","Species","C",10.9,12.4
"SimForest","T04","T04_P1","T04_P1_3","Santiria laevigata","Species","C",9.8,10.2
"SimForest","T04","T04_P2","T04_P2_4","Santiria laevigata","Species","B",31.6,25.1
"SimForest","T04","T04_P3","T04_P3_5","Santiria laevigata","Species","B",19.9,16
"SimForest","T04","T04_P4","T04_P4_6","Santiria laevigata","Species","C",9.3,11
"SimForest","T04","T04_P4","T04_P4_7","Santiria laevigata","Species","C",7.5,9.4
"SimForest","T04","T04_P4","T04_P4_8","Santiria laevigata","Species","A",68,39.1
"SimForest","T04","T04_P5","T04_P5_1","Aglaia argentea","Species","B",30,20.9
"SimForest","T04","T04_P5","T04_P5_2","Aglaia argentea","Species","B",20.4,18.6
"SimForest","T04","T04_P5","T04_P5_1","Knema laurina","Species","C",10.7,10.9
"SimForest","T04","T04_P4","T04_P4_2","Knema laurina","Species","C",11.1,12.4
"SimForest","T04","T04_P2","T04_P2_3","Knema laurina","Species","C",8.2,10.3
"SimForest","T04","T04_P5","T04_P5_4","Knema laurina","Species","B",19.9,17.7
"SimForest","T04","T04_P3","T04_P3_5","Knema laurina","Species","B",24.8,21.3
"SimForest","T04","T04_P5","T04_P5_6","Knema laurina","Species","B",22.2,20.4
"SimForest","T04","T04_P4","T04_P4_7","Knema laurina","Species","B",21.3,19.4
"SimForest","T04","T04_P4","T04_P4_8","Knema laurina","Species","C",6.7,9.5
"SimForest","T04","T04_P1","T04_P1_1","Horsfieldia irya","Species","C",14.1,13.3
"SimForest","T04","T04_P3","T04_P3_2","Horsfieldia irya","Species","C",10.4,10.4
"SimForest","T04","T04_P4","T04_P4_3","Horsfieldia irya","Species","C",8.4,9.8
"SimForest","T04","T04_P1","T04_P1_4","Horsfieldia irya","Species","C",11.7,13.2
"SimForest","T04","T04_P3","T04_P3_5","Horsfieldia irya","Species","C",16.5,16.3
"SimForest","T04","T04_P4","T04_P4_1","Litsea firma","Species","C",8.5,10
"SimForest","T04","T04_P1","T04_P1_2","Litsea firma","Species","B",31.4,22.2
"SimForest","T04","T04_P1","T04_P1_3","Litsea firma","Species","A",51.1,33.9
"SimForest","T04","T04_P1","T04_P1_4","Litsea firma","Species","C",9.3,10.2
"SimForest","T04","T04_P5","T04_P5_5","Litsea firma","Species","C",13.2,13
"SimForest","T04","T04_P2","T04_P2_6","Litsea firma","Species","C",10,10.8
"SimForest","T04","T04_P1","T04_P1_7","Litsea firma","Species","B",25.8,18.3
"SimForest","T04","T04_P4","T04_P4_8","Litsea firma","Species","A",36.8,26.4
"SimForest","T04","T04_P3","T04_P3_9","Litsea firma","Species","B",19.5,17
"SimForest","T04","T04_P5","T04_P5_1","Baccaurea macrocarpa","Species","B",20.6,17.5
"SimForest","T04","T04_P3","T04_P3_2","Baccaurea macrocarpa","Species","C",8.4,10.5
"SimForest","T04","T04_P3","T04_P3_3","Baccaurea macrocarpa","Species","B",19.6,17.4
"SimForest","T04","T04_P3","T04_P3_4","Baccaurea macrocarpa","Species","C",7.3,8.8
"SimForest","T04","T04_P1","T04_P1_5","Baccaurea macrocarpa","Species","A",49.5,39.3
"SimForest","T04","T04_P5","T04_P5_1","Garcinia parvifolia","Species","C",13.7,11.9
"SimForest","T04","T04_P5","T04_P5_2","Garcinia parvifolia","Species","B",20.3,15.2
"SimForest","T04","T04_P4","T04_P4_3","Garcinia parvifolia","Species","B",28.6,24.5
"SimForest","T04","T04_P4","T04_P4_4","Garcinia parvifolia","Species","B",28.2,20.1
"SimForest","T04","T04_P4","T04_P4_5","Garcinia parvifolia","Species","C",15.3,13.7
"SimForest","T04","T04_P1","T04_P1_1","Alstonia scholaris","Species","C",13.2,13.3
"SimForest","T04","T04_P1","T04_P1_2","Alstonia scholaris","Species","C",16.2,13.8
"SimForest","T04","T04_P4","T04_P4_3","Alstonia scholaris","Species","C",10.5,11.3
"SimForest","T04","T04_P1","T04_P1_1","Calophyllum inophyllum","Species","C",15.4,15.1
"SimForest","T04","T04_P3","T04_P3_2","Calophyllum inophyllum","Species","C",7.5,9.4
"SimForest","T04","T04_P1","T04_P1_3","Calophyllum inophyllum","Species","C",7.7,9.7
"SimForest","T04","T04_P1","T04_P1_4","Calophyllum inophyllum","Species","C",10.6,11
"SimForest","T04","T04_P1","T04_P1_5","Calophyllum inophyllum","Species","B",24.7,17.6
"SimForest","T04","T04_P4","T04_P4_6","Calophyllum inophyllum","Species","B",20.3,16.6
"SimForest","T04","T04_P1","T04_P1_7","Calophyllum inophyllum","Species","C",10.3,11
"SimForest","T04","T04_P5","T04_P5_1","Elateriospermum tapos","Species","C",12.7,11.4
"SimForest","T04","T04_P1","T04_P1_2","Elateriospermum tapos","Species","A",73.5,49.8
"SimForest","T04","T04_P3","T04_P3_3","Elateriospermum tapos","Species","C",7.3,9.3
"SimForest","T04","T04_P4","T04_P4_4","Elateriospermum tapos","Species","B",25.6,22.6
"SimForest","T04","T04_P1","T04_P1_5","Elateriospermum tapos","Species","A",61.5,45.3
"SimForest","T04","T04_P1","T04_P1_6","Elateriospermum tapos","Species","B",28.3,20.7
"SimForest","T04","T04_P5","T04_P5_7","Elateriospermum tapos","Species","C",10.3,12.1
"SimForest","T04","T04_P1","T04_P1_8","Elateriospermum tapos","Species","B",26.1,18.3
"SimForest","T04","T04_P2","T04_P2_1","Eusideroxylon zwageri","Species","B",20.9,17.5
"SimForest","T04","T04_P1","T04_P1_2","Eusideroxylon zwageri","Species","C",8.6,11
"SimForest","T04","T04_P2","T04_P2_3","Eusideroxylon zwageri","Species","B",28.6,20.9
"SimForest","T04","T04_P1","T04_P1_4","Eusideroxylon zwageri","Species","C",14.6,13.9
"SimForest","T04","T04_P3","T04_P3_5","Eusideroxylon zwageri","Species","C",14.6,13.9
"SimForest","T04","T04_P4","T04_P4_6","Eusideroxylon zwageri","Species","C",15.6,15.9
"SimForest","T04","T04_P4","T04_P4_1","Macaranga gigantea","Species","B",30.1,21.7
"SimForest","T04","T04_P4","T04_P4_2","Macaranga gigantea","Species","B",30.1,23.3
"SimForest","T04","T04_P5","T04_P5_3","Macaranga gigantea","Species","B",24.9,19.4
"SimForest","T04","T04_P5","T04_P5_4","Macaranga gigantea","Species","C",9.2,10.9
"SimForest","T04","T04_P3","T04_P3_5","Macaranga gigantea","Species","C",13,12
"SimForest","T04","T04_P1","T04_P1_6","Macaranga gigantea","Species","C",12.3,12.5
"SimForest","T04","T04_P3","T04_P3_7","Macaranga gigantea","Species","A",70.7,45.3
"SimForest","T04","T04_P4","T04_P4_1","Mallotus paniculatus","Species","C",13.1,12
"SimForest","T04","T04_P3","T04_P3_2","Mallotus paniculatus","Species","C",15.8,15.2
"SimForest","T04","T04_P3","T04_P3_3","Mallotus paniculatus","Species","C",14.6,13.1
"SimForest","T04","T04_P4","T04_P4_4","Mallotus paniculatus","Species","A",50.6,36.1
"SimForest","T04","T04_P5","T04_P5_5","Mallotus paniculatus","Species","B",22.4,18
"SimForest","T04","T04_P5","T04_P5_6","Mallotus paniculatus","Species","C",15.3,13
"SimForest","T04","T04_P5","T04_P5_7","Mallotus paniculatus","Species","B",28.1,21.4
"SimForest","T04","T04_P3","T04_P3_8","Mallotus paniculatus","Species","A",63.8,46.1
"SimForest","T04","T04_P2","T04_P2_1","Nephelium lappaceum","Species","C",9.7,11.5
"SimForest","T04","T04_P4","T04_P4_2","Nephelium lappaceum","Species","A",62.6,43.2
"SimForest","T04","T04_P4","T04_P4_3","Nephelium lappaceum","Species","C",12.8,11.7
"SimForest","T04","T04_P3","T04_P3_4","Nephelium lappaceum","Species","C",6.7,8.4
"SimForest","T04","T04_P3","T04_P3_1","Parkia speciosa","Species","B",28,22.1
"SimForest","T04","T04_P5","T04_P5_2","Parkia speciosa","Species","C",8.7,10.3
"SimForest","T04","T04_P1","T04_P1_3","Parkia speciosa","Species","C",10.9,12.2
"SimForest","T04","T04_P2","T04_P2_4","Parkia speciosa","Species","A",69,46.5
"SimForest","T04","T04_P3","T04_P3_5","Parkia speciosa","Species","C",15,15.1
"SimForest","T04","T04_P2","T04_P2_6","Parkia speciosa","Species","C",13,12.8
"SimForest","T04","T04_P3","T04_P3_1","Vatica rassak","Species","B",31.8,23.8
"SimForest","T04","T04_P1","T04_P1_2","Vatica rassak","Species","B",25.9,21
"SimForest","T04","T04_P3","T04_P3_3","Vatica rassak","Species","B",24.3,19.8
"SimForest","T04","T04_P4","T04_P4_4","Vatica rassak","Species","B",22.8,18.5
"SimForest","T04","T04_P4","T04_P4_5","Vatica rassak","Species","C",8.4,9.7
"SimForest","T04","T04_P1","T04_P1_6","Vatica rassak","Species","B",22.8,20.3
"SimForest","T04","T04_P4","T04_P4_7","Vatica rassak","Species","B",25.7,18
"SimForest","T04","T04_P1","T04_P1_8","Vatica rassak","Species","C",8.4,10.7
"SimForest","T04","T04_P5","T04_P5_9","Vatica rassak","Species","A",51.4,35.6
"SimForest","T04","T04_P1","T04_P1_10","Vatica rassak","Species","C",11.1,11
"SimForest","T04","T04_P1","T04_P1_11","Vatica rassak","Species","C",13.7,12.1
"SimForest","T05","T05_P1","T05_P1_1","Shorea leprosula","Species","C",7.6,8.8
"SimForest","T05","T05_P2","T05_P2_2","Shorea leprosula","Species","C",14.6,12.4
"SimForest","T05","T05_P5","T05_P5_3","Shorea leprosula","Species","C",14.5,12.8
"SimForest","T05","T05_P5","T05_P5_4","Shorea leprosula","Species","B",30.4,23.2
"SimForest","T05","T05_P4","T05_P4_5","Shorea leprosula","Species","C",12.7,12.3
"SimForest","T05","T05_P2","T05_P2_6","Shorea leprosula","Species","C",12.4,11.4
"SimForest","T05","T05_P1","T05_P1_7","Shorea leprosula","Species","B",20.3,17
"SimForest","T05","T05_P3","T05_P3_8","Shorea leprosula","Species","C",14.5,14.8
"SimForest","T05","T05_P2","T05_P2_9","Shorea leprosula","Species","C",11.9,13.3
"SimForest","T05","T05_P2","T05_P2_1","Shorea parvifolia","Species","C",9.2,9.8
"SimForest","T05","T05_P2","T05_P2_2","Shorea parvifolia","Species","C",6.1,8.6
"SimForest","T05","T05_P5","T05_P5_3","Shorea parvifolia","Species","A",62.4,43.5
"SimForest","T05","T05_P2","T05_P2_4","Shorea parvifolia","Species","C",9,9.6
"SimForest","T05","T05_P3","T05_P3_1","Shorea acuminata","Species","B",19.5,17
"SimForest","T05","T05_P1","T05_P1_2","Shorea acuminata","Species","B",28.7,21.9
"SimForest","T05","T05_P4","T05_P4_3","Shorea acuminata","Species","C",11.1,12.5
"SimForest","T05","T05_P2","T05_P2_4","Shorea acuminata","Species","C",15.9,13.3
"SimForest","T05","T05_P5","T05_P5_5","Shorea acuminata","Species","B",24.4,18.8
"SimForest","T05","T05_P2","T05_P2_1","Dipterocarpus alatus","Species","C",10.3,10.6
"SimForest","T05","T05_P4","T05_P4_2","Dipterocarpus alatus","Species","B",25.2,18.2
"SimForest","T05","T05_P2","T05_P2_3","Dipterocarpus alatus","Species","A",56.1,38.1
"SimForest","T05","T05_P2","T05_P2_1","Dipterocarpus caudatus","Species","B",29.5,22.1
"SimForest","T05","T05_P4","T05_P4_2","Dipterocarpus caudatus","Species","C",8.2,9.9
"SimForest","T05","T05_P2","T05_P2_3","Dipterocarpus caudatus","Species","C",12.2,11.2
"SimForest","T05","T05_P4","T05_P4_4","Dipterocarpus caudatus","Species","C",10.4,11.8
"SimForest","T05","T05_P3","T05_P3_5","Dipterocarpus caudatus","Species","C",12.5,12.2
"SimForest","T05","T05_P1","T05_P1_1","Hopea nervosa","Species","B",18.9,14.6
"SimForest","T05","T05_P4","T05_P4_2","Hopea nervosa","Species","A",54.2,39.6
"SimForest","T05","T05_P3","T05_P3_3","Hopea nervosa","Species","C",15.3,14.6
"SimForest","T05","T05_P2","T05_P2_1","Dryobalanops aromatica","Species","B",18.6,17.7
"SimForest","T05","T05_P5","T05_P5_2","Dryobalanops aromatica","Species","B",21.4,16.5
"SimForest","T05","T05_P3","T05_P3_3","Dryobalanops aromatica","Species","C",7.6,9.3
"SimForest","T05","T05_P2","T05_P2_4","Dryobalanops aromatica","Species","A",41.3,29
"SimForest","T05","T05_P4","T05_P4_5","Dryobalanops aromatica","Species","A",37.9,24.6
"SimForest","T05","T05_P2","T05_P2_6","Dryobalanops aromatica","Species","C",6.7,8.9
"SimForest","T05","T05_P3","T05_P3_1","Syzygium polyanthum","Species","A",62.5,37.7
"SimForest","T05","T05_P2","T05_P2_2","Syzygium polyanthum","Species","A",62.1,42.9
"SimForest","T05","T05_P3","T05_P3_3","Syzygium polyanthum","Species","B",27.5,19.5
"SimForest","T05","T05_P3","T05_P3_4","Syzygium polyanthum","Species","B",21.4,18.7
"SimForest","T05","T05_P3","T05_P3_5","Syzygium polyanthum","Species","C",7.1,8.9
"SimForest","T05","T05_P3","T05_P3_6","Syzygium polyanthum","Species","C",14.4,13.1
"SimForest","T05","T05_P3","T05_P3_7","Syzygium polyanthum","Species","C",14.3,14.3
"SimForest","T05","T05_P1","T05_P1_1","Syzygium claviflorum","Species","B",17.7,14.5
"SimForest","T05","T05_P2","T05_P2_1","Dacryodes rostrata","Species","C",12.5,13.2
"SimForest","T05","T05_P1","T05_P1_2","Dacryodes rostrata","Species","C",14.4,13.6
"SimForest","T05","T05_P5","T05_P5_3","Dacryodes rostrata","Species","C",11.7,11.7
"SimForest","T05","T05_P4","T05_P4_4","Dacryodes rostrata","Species","A",42.3,28.6
"SimForest","T05","T05_P4","T05_P4_5","Dacryodes rostrata","Species","C",11.3,12.6
"SimForest","T05","T05_P4","T05_P4_6","Dacryodes rostrata","Species","C",15.8,15
"SimForest","T05","T05_P3","T05_P3_7","Dacryodes rostrata","Species","B",18.2,15.6
"SimForest","T05","T05_P2","T05_P2_8","Dacryodes rostrata","Species","A",39.2,29.8
"SimForest","T05","T05_P3","T05_P3_1","Ficus variegata","Species","B",21.6,16.8
"SimForest","T05","T05_P1","T05_P1_1","Durio zibethinus","Species","A",37.8,28.1
"SimForest","T05","T05_P2","T05_P2_2","Durio zibethinus","Species","B",18.3,14.6
"SimForest","T05","T05_P1","T05_P1_3","Durio zibethinus","Species","C",8.4,10.3
"SimForest","T05","T05_P4","T05_P4_4","Durio zibethinus","Species","B",31.8,23.7
"SimForest","T05","T05_P1","T05_P1_1","Koompassia excelsa","Species","B",27.2,21.6
"SimForest","T05","T05_P2","T05_P2_2","Koompassia excelsa","Species","C",9.2,11.1
"SimForest","T05","T05_P5","T05_P5_3","Koompassia excelsa","Species","C",7.8,10.4
"SimForest","T05","T05_P4","T05_P4_1","Dyera costulata","Species","B",17.7,15.7
"SimForest","T05","T05_P3","T05_P3_2","Dyera costulata","Species","C",7.2,9.4
"SimForest","T05","T05_P5","T05_P5_3","Dyera costulata","Species","B",25.3,19.7
"SimForest","T05","T05_P4","T05_P4_4","Dyera costulata","Species","B",23.2,20
"SimForest","T05","T05_P3","T05_P3_1","Palaquium rostratum","Species","A",53.8,32.4
"SimForest","T05","T05_P1","T05_P1_2","Palaquium rostratum","Species","B",24.9,18.6
"SimForest","T05","T05_P1","T05_P1_3","Palaquium rostratum","Species","B",22.9,17.4
"SimForest","T05","T05_P3","T05_P3_4","Palaquium rostratum","Species","C",12.7,13.8
"SimForest","T05","T05_P5","T05_P5_1","Santiria laevigata","Species","C",8.9,10.1
"SimForest","T05","T05_P5","T05_P5_2","Santiria laevigata","Species","A",55.2,40.5
"SimForest","T05","T05_P3","T05_P3_3","Santiria laevigata","Species","C",7.2,9.7
"SimForest","T05","T05_P3","T05_P3_4","Santiria laevigata","Species","B",20,16.3
"SimForest","T05","T05_P5","T05_P5_5","Santiria laevigata","Species","C",6.9,9.5
"SimForest","T05","T05_P1","T05_P1_6","Santiria laevigata","Species","C",10.2,10.7
"SimForest","T05","T05_P5","T05_P5_7","Santiria laevigata","Species","C",14.6,13.2
"SimForest","T05","T05_P3","T05_P3_8","Santiria laevigata","Species","B",25.6,21.9
"SimForest","T05","T05_P4","T05_P4_1","Aglaia argentea","Species","C",13.9,12
"SimForest","T05","T05_P1","T05_P1_2","Aglaia argentea","Species","A",69.1,46.9
"SimForest","T05","T05_P5","T05_P5_1","Knema laurina","Species","C",15.8,13.8
"SimForest","T05","T05_P2","T05_P2_2","Knema laurina","Species","C",12.6,11.6
"SimForest","T05","T05_P5","T05_P5_1","Horsfieldia irya","Species","C",16,15.2
"SimForest","T05","T05_P3","T05_P3_2","Horsfieldia irya","Species","B",29.6,24.7
"SimForest","T05","T05_P1","T05_P1_3","Horsfieldia irya","Species","C",11.1,11.4
"SimForest","T05","T05_P2","T05_P2_4","Horsfieldia irya","Species","C",7.1,9.3
"SimForest","T05","T05_P5","T05_P5_5","Horsfieldia irya","Species","C",14.6,14.4
"SimForest","T05","T05_P5","T05_P5_6","Horsfieldia irya","Species","C",8.2,10
"SimForest","T05","T05_P1","T05_P1_1","Litsea firma","Species","C",12.3,12.4
"SimForest","T05","T05_P1","T05_P1_2","Litsea firma","Species","B",23.7,20.3
"SimForest","T05","T05_P2","T05_P2_3","Litsea firma","Species","B",18.2,16.7
"SimForest","T05","T05_P3","T05_P3_4","Litsea firma","Species","B",29.7,20.2
"SimForest","T05","T05_P2","T05_P2_5","Litsea firma","Species","C",12,11.9
"SimForest","T05","T05_P1","T05_P1_6","Litsea firma","Species","C",13.2,13.7
"SimForest","T05","T05_P4","T05_P4_7","Litsea firma","Species","C",9.7,11.1
"SimForest","T05","T05_P3","T05_P3_8","Litsea firma","Species","C",11.9,11.1
"SimForest","T05","T05_P1","T05_P1_1","Baccaurea macrocarpa","Species","C",6.7,8.7
"SimForest","T05","T05_P4","T05_P4_2","Baccaurea macrocarpa","Species","A",34.5,24.8
"SimForest","T05","T05_P3","T05_P3_3","Baccaurea macrocarpa","Species","C",9.9,9.9
"SimForest","T05","T05_P2","T05_P2_4","Baccaurea macrocarpa","Species","B",27.2,22.1
"SimForest","T05","T05_P5","T05_P5_5","Baccaurea macrocarpa","Species","A",65.1,47.3
"SimForest","T05","T05_P3","T05_P3_6","Baccaurea macrocarpa","Species","A",48.9,35.6
"SimForest","T05","T05_P4","T05_P4_7","Baccaurea macrocarpa","Species","C",11.6,12.2
"SimForest","T05","T05_P5","T05_P5_8","Baccaurea macrocarpa","Species","C",10.7,11.9
"SimForest","T05","T05_P1","T05_P1_9","Baccaurea macrocarpa","Species","A",57.1,42.8
"SimForest","T05","T05_P3","T05_P3_1","Garcinia parvifolia","Species","C",6.1,8.2
"SimForest","T05","T05_P5","T05_P5_2","Garcinia parvifolia","Species","C",15.9,15
"SimForest","T05","T05_P3","T05_P3_3","Garcinia parvifolia","Species","C",8,10.2
"SimForest","T05","T05_P3","T05_P3_4","Garcinia parvifolia","Species","C",8.9,10.9
"SimForest","T05","T05_P4","T05_P4_5","Garcinia parvifolia","Species","C",11.1,10.7
"SimForest","T05","T05_P2","T05_P2_1","Alstonia scholaris","Species","B",30,25.7
"SimForest","T05","T05_P1","T05_P1_1","Calophyllum inophyllum","Species","A",68.4,49
"SimForest","T05","T05_P1","T05_P1_2","Calophyllum inophyllum","Species","C",12.1,12.5
"SimForest","T05","T05_P1","T05_P1_3","Calophyllum inophyllum","Species","B",30.9,21.3
"SimForest","T05","T05_P3","T05_P3_4","Calophyllum inophyllum","Species","A",56.9,39.7
"SimForest","T05","T05_P1","T05_P1_5","Calophyllum inophyllum","Species","C",10.4,10.8
"SimForest","T05","T05_P2","T05_P2_6","Calophyllum inophyllum","Species","A",66.2,48
"SimForest","T05","T05_P1","T05_P1_7","Calophyllum inophyllum","Species","C",12.1,11.8
"SimForest","T05","T05_P1","T05_P1_8","Calophyllum inophyllum","Species","B",31.4,25.3
"SimForest","T05","T05_P5","T05_P5_1","Elateriospermum tapos","Species","C",11.3,11.3
"SimForest","T05","T05_P1","T05_P1_2","Elateriospermum tapos","Species","C",6.6,9.6
"SimForest","T05","T05_P5","T05_P5_3","Elateriospermum tapos","Species","C",14.6,12.4
"SimForest","T05","T05_P4","T05_P4_1","Eusideroxylon zwageri","Species","B",26.6,22.1
"SimForest","T05","T05_P3","T05_P3_2","Eusideroxylon zwageri","Species","C",7.6,9.7
"SimForest","T05","T05_P3","T05_P3_3","Eusideroxylon zwageri","Species","C",11.9,12
"SimForest","T05","T05_P5","T05_P5_4","Eusideroxylon zwageri","Species","C",9.1,11
"SimForest","T05","T05_P1","T05_P1_5","Eusideroxylon zwageri","Species","C",6.7,9.4
"SimForest","T05","T05_P4","T05_P4_6","Eusideroxylon zwageri","Species","C",10.9,11
"SimForest","T05","T05_P2","T05_P2_7","Eusideroxylon zwageri","Species","C",14.4,13.4
"SimForest","T05","T05_P1","T05_P1_8","Eusideroxylon zwageri","Species","A",57.7,38.8
"SimForest","T05","T05_P3","T05_P3_1","Intsia palembanica","Species","C",7.8,10
"SimForest","T05","T05_P5","T05_P5_2","Intsia palembanica","Species","C",9.5,11.2
"SimForest","T05","T05_P1","T05_P1_1","Macaranga gigantea","Species","A",53.8,39.6
"SimForest","T05","T05_P2","T05_P2_2","Macaranga gigantea","Species","B",28.1,21.5
"SimForest","T05","T05_P5","T05_P5_3","Macaranga gigantea","Species","C",9.3,11
"SimForest","T05","T05_P5","T05_P5_4","Macaranga gigantea","Species","C",15.1,13.4
"SimForest","T05","T05_P5","T05_P5_1","Mallotus paniculatus","Species","C",9,10.4
"SimForest","T05","T05_P5","T05_P5_2","Mallotus paniculatus","Species","B",27.7,21.3
"SimForest","T05","T05_P4","T05_P4_3","Mallotus paniculatus","Species","C",14.8,13.5
"SimForest","T05","T05_P5","T05_P5_4","Mallotus paniculatus","Species","A",62.7,43.8
"SimForest","T05","T05_P3","T05_P3_5","Mallotus paniculatus","Species","C",12.3,12.2
"SimForest","T05","T05_P2","T05_P2_6","Mallotus paniculatus","Species","C",11.9,11.5
"SimForest","T05","T05_P5","T05_P5_7","Mallotus paniculatus","Species","C",13.8,14.2
"SimForest","T05","T05_P4","T05_P4_8","Mallotus paniculatus","Species","C",8.7,10.7
"SimForest","T05","T05_P1","T05_P1_1","Nephelium lappaceum","Species","C",12.5,11.8
"SimForest","T05","T05_P5","T05_P5_2","Nephelium lappaceum","Species","B",25.1,18.1
"SimForest","T05","T05_P2","T05_P2_1","Parkia speciosa","Species","C",14.2,12.6
"SimForest","T05","T05_P3","T05_P3_2","Parkia speciosa","Species","C",12.2,11.1
"SimForest","T05","T05_P2","T05_P2_3","Parkia speciosa","Species","C",14,13.2
"SimForest","T05","T05_P1","T05_P1_1","Vatica rassak","Species","B",28.8,21.8
"SimForest","T05","T05_P1","T05_P1_2","Vatica rassak","Species","B",26.7,18.6
"SimForest","T05","T05_P4","T05_P4_3","Vatica rassak","Species","A",46.1,35
"SimForest","T05","T05_P1","T05_P1_4","Vatica rassak","Species","A",64.5,37.9
"SimForest","T05","T05_P5","T05_P5_5","Vatica rassak","Species","C",7.5,10.1
"SimForest","T05","T05_P4","T05_P4_6","Vatica rassak","Species","A",68.1,45.3
"SimForest","T05","T05_P1","T05_P1_7","Vatica rassak","Species","A",62.1,42.9
"SimForest","T06","T06_P5","T06_P5_1","Shorea leprosula","Species","B",22.2,19.6
"SimForest","T06","T06_P3","T06_P3_2","Shorea leprosula","Species","C",14,13.6
"SimForest","T06","T06_P5","T06_P5_3","Shorea leprosula","Species","C",11.1,12
"SimForest","T06","T06_P4","T06_P4_4","Shorea leprosula","Species","B",20,18.2
"SimForest","T06","T06_P5","T06_P5_5","Shorea leprosula","Species","A",61.2,37.7
"SimForest","T06","T06_P1","T06_P1_1","Shorea parvifolia","Species","B",28.7,22.9
"SimForest","T06","T06_P1","T06_P1_1","Shorea acuminata","Species","C",6.3,8.9
"SimForest","T06","T06_P1","T06_P1_1","Dipterocarpus alatus","Species","B",25.3,22
"SimForest","T06","T06_P1","T06_P1_1","Dipterocarpus caudatus","Species","C",8.4,10
"SimForest","T06","T06_P2","T06_P2_2","Dipterocarpus caudatus","Species","A",42.4,32.2
"SimForest","T06","T06_P3","T06_P3_1","Dacryodes rostrata","Species","C",10.8,12.5
"SimForest","T06","T06_P3","T06_P3_1","Artocarpus elasticus","Species","A",48.7,32
"SimForest","T06","T06_P4","T06_P4_1","Koompassia excelsa","Species","C",6.9,8.6
"SimForest","T06","T06_P1","T06_P1_1","Dyera costulata","Species","C",13.6,14.4
"SimForest","T06","T06_P4","T06_P4_1","Santiria laevigata","Species","C",12.9,12
"SimForest","T06","T06_P1","T06_P1_2","Santiria laevigata","Species","B",20.8,18.7
"SimForest","T06","T06_P4","T06_P4_3","Santiria laevigata","Species","C",13.9,13.3
"SimForest","T06","T06_P1","T06_P1_4","Santiria laevigata","Species","B",18.7,14.9
"SimForest","T06","T06_P2","T06_P2_1","Knema laurina","Species","B",27.3,23.6
"SimForest","T06","T06_P5","T06_P5_2","Knema laurina","Species","C",10.7,10.7
"SimForest","T06","T06_P4","T06_P4_3","Knema laurina","Species","B",29.8,23.1
"SimForest","T06","T06_P1","T06_P1_1","Horsfieldia irya","Species","C",13.1,12.2
"SimForest","T06","T06_P5","T06_P5_2","Horsfieldia irya","Species","B",24.2,20
"SimForest","T06","T06_P2","T06_P2_1","Litsea firma","Species","C",14.4,15
"SimForest","T06","T06_P4","T06_P4_2","Litsea firma","Species","C",12.5,11.4
"SimForest","T06","T06_P1","T06_P1_1","Baccaurea macrocarpa","Species","C",8.9,11
"SimForest","T06","T06_P3","T06_P3_2","Baccaurea macrocarpa","Species","C",7.6,10.1
"SimForest","T06","T06_P3","T06_P3_1","Garcinia parvifolia","Species","B",16.3,14.6
"SimForest","T06","T06_P2","T06_P2_1","Alstonia scholaris","Species","C",13.2,14.2
"SimForest","T06","T06_P1","T06_P1_1","Calophyllum inophyllum","Species","C",13.2,11.8
"SimForest","T06","T06_P2","T06_P2_1","Eusideroxylon zwageri","Species","C",10.5,10.4
"SimForest","T06","T06_P3","T06_P3_2","Eusideroxylon zwageri","Species","C",6.1,8.1
"SimForest","T06","T06_P5","T06_P5_1","Macaranga gigantea","Species","B",21.1,16.5
"SimForest","T06","T06_P5","T06_P5_1","Mallotus paniculatus","Species","C",7.4,9.8
"SimForest","T06","T06_P3","T06_P3_2","Mallotus paniculatus","Species","C",10.9,10.7
"SimForest","T06","T06_P5","T06_P5_1","Nephelium lappaceum","Species","C",10.2,11.4
"SimForest","T06","T06_P4","T06_P4_1","Parkia speciosa","Species","C",10.5,12.3
"SimForest","T06","T06_P2","T06_P2_1","Vatica rassak","Species","B",28.9,23.3
"SimForest","T07","T07_P3","T07_P3_1","Shorea leprosula","Species","C",13.8,13.8
"SimForest","T07","T07_P4","T07_P4_1","Shorea parvifolia","Species","C",6.8,9.3
"SimForest","T07","T07_P3","T07_P3_2","Shorea parvifolia","Species","C",5.6,8.9
"SimForest","T07","T07_P2","T07_P2_3","Shorea parvifolia","Species","C",8.6,10
"SimForest","T07","T07_P2","T07_P2_4","Shorea parvifolia","Species","B",25.8,20.3
"SimForest","T07","T07_P1","T07_P1_5","Shorea parvifolia","Species","C",7.6,9.2
"SimForest","T07","T07_P5","T07_P5_1","Shorea acuminata","Species","C",6.9,9.1
"SimForest","T07","T07_P4","T07_P4_2","Shorea acuminata","Species","B",19.1,14.9
"SimForest","T07","T07_P4","T07_P4_3","Shorea acuminata","Species","C",9.9,10.8
"SimForest","T07","T07_P5","T07_P5_4","Shorea acuminata","Species","C",13.4,13.2
"SimForest","T07","T07_P4","T07_P4_1","Dipterocarpus alatus","Species","A",33,25
"SimForest","T07","T07_P2","T07_P2_2","Dipterocarpus alatus","Species","C",13,14
"SimForest","T07","T07_P3","T07_P3_3","Dipterocarpus alatus","Species","C",14.1,14.5
"SimForest","T07","T07_P1","T07_P1_1","Dipterocarpus caudatus","Species","B",22.5,17.2
"SimForest","T07","T07_P4","T07_P4_2","Dipterocarpus caudatus","Species","C",13.5,13.7
"SimForest","T07","T07_P4","T07_P4_3","Dipterocarpus caudatus","Species","B",28.3,20.3
"SimForest","T07","T07_P4","T07_P4_1","Hopea nervosa","Species","A",66.1,39.2
"SimForest","T07","T07_P5","T07_P5_1","Dryobalanops aromatica","Species","C",10.1,10.4
"SimForest","T07","T07_P4","T07_P4_1","Syzygium polyanthum","Species","C",13.3,14
"SimForest","T07","T07_P1","T07_P1_2","Syzygium polyanthum","Species","C",5.9,8.9
"SimForest","T07","T07_P1","T07_P1_3","Syzygium polyanthum","Species","C",12.6,12.8
"SimForest","T07","T07_P5","T07_P5_4","Syzygium polyanthum","Species","C",7.3,9.5
"SimForest","T07","T07_P4","T07_P4_5","Syzygium polyanthum","Species","A",32.3,26.2
"SimForest","T07","T07_P5","T07_P5_6","Syzygium polyanthum","Species","C",12.1,11.8
"SimForest","T07","T07_P1","T07_P1_1","Syzygium claviflorum","Species","B",27,21.8
"SimForest","T07","T07_P1","T07_P1_2","Syzygium claviflorum","Species","A",38.9,24.6
"SimForest","T07","T07_P2","T07_P2_3","Syzygium claviflorum","Species","B",30.9,25.6
"SimForest","T07","T07_P1","T07_P1_1","Dacryodes rostrata","Species","B",20.1,16.8
"SimForest","T07","T07_P3","T07_P3_2","Dacryodes rostrata","Species","C",7.9,10.3
"SimForest","T07","T07_P4","T07_P4_3","Dacryodes rostrata","Species","A",71.4,47.3
"SimForest","T07","T07_P4","T07_P4_4","Dacryodes rostrata","Species","B",16.3,13.8
"SimForest","T07","T07_P5","T07_P5_1","Ficus benjamina","Species","B",25.1,22.5
"SimForest","T07","T07_P1","T07_P1_1","Ficus variegata","Species","B",16.6,15.9
"SimForest","T07","T07_P5","T07_P5_1","Artocarpus elasticus","Species","A",64.8,41.6
"SimForest","T07","T07_P5","T07_P5_1","Durio zibethinus","Species","C",5.7,8.6
"SimForest","T07","T07_P5","T07_P5_2","Durio zibethinus","Species","B",25.7,21.6
"SimForest","T07","T07_P5","T07_P5_1","Koompassia excelsa","Species","B",24.2,20.9
"SimForest","T07","T07_P5","T07_P5_2","Koompassia excelsa","Species","C",11.5,12.7
"SimForest","T07","T07_P5","T07_P5_1","Palaquium rostratum","Species","C",7.9,9.9
"SimForest","T07","T07_P5","T07_P5_2","Palaquium rostratum","Species","C",6.3,8.7
"SimForest","T07","T07_P2","T07_P2_1","Santiria laevigata","Species","C",6.2,8.5
"SimForest","T07","T07_P2","T07_P2_2","Santiria laevigata","Species","B",18.7,14.6
"SimForest","T07","T07_P3","T07_P3_3","Santiria laevigata","Species","C",12.3,12
"SimForest","T07","T07_P3","T07_P3_4","Santiria laevigata","Species","A",62.8,43.1
"SimForest","T07","T07_P1","T07_P1_5","Santiria laevigata","Species","C",14.8,12.6
"SimForest","T07","T07_P2","T07_P2_6","Santiria laevigata","Species","B",18.9,17.1
"SimForest","T07","T07_P5","T07_P5_7","Santiria laevigata","Species","C",8.8,9.4
"SimForest","T07","T07_P3","T07_P3_8","Santiria laevigata","Species","C",6.7,8.7
"SimForest","T07","T07_P1","T07_P1_1","Aglaia argentea","Species","B",19.4,17.3
"SimForest","T07","T07_P1","T07_P1_2","Aglaia argentea","Species","A",32.4,22
"SimForest","T07","T07_P4","T07_P4_3","Aglaia argentea","Species","A",59.9,44.1
"SimForest","T07","T07_P2","T07_P2_4","Aglaia argentea","Species","C",14.5,14.2
"SimForest","T07","T07_P1","T07_P1_1","Knema laurina","Species","C",11.8,12.1
"SimForest","T07","T07_P4","T07_P4_1","Horsfieldia irya","Species","C",8.7,10.6
"SimForest","T07","T07_P4","T07_P4_1","Litsea firma","Species","C",12.8,11.8
"SimForest","T07","T07_P5","T07_P5_2","Litsea firma","Species","C",12.5,11.5
"SimForest","T07","T07_P3","T07_P3_3","Litsea firma","Species","B",16.7,14.6
"SimForest","T07","T07_P3","T07_P3_1","Baccaurea macrocarpa","Species","C",15.5,13.2
"SimForest","T07","T07_P1","T07_P1_2","Baccaurea macrocarpa","Species","B",26.3,23.2
"SimForest","T07","T07_P4","T07_P4_3","Baccaurea macrocarpa","Species","A",49.2,36.9
"SimForest","T07","T07_P5","T07_P5_4","Baccaurea macrocarpa","Species","B",26.1,18.5
"SimForest","T07","T07_P1","T07_P1_5","Baccaurea macrocarpa","Species","C",6.8,9.8
"SimForest","T07","T07_P4","T07_P4_1","Garcinia parvifolia","Species","C",15.3,14.1
"SimForest","T07","T07_P1","T07_P1_2","Garcinia parvifolia","Species","C",13.4,13.3
"SimForest","T07","T07_P3","T07_P3_1","Alstonia scholaris","Species","B",27.6,23.3
"SimForest","T07","T07_P5","T07_P5_1","Calophyllum inophyllum","Species","C",10.1,12
"SimForest","T07","T07_P4","T07_P4_2","Calophyllum inophyllum","Species","C",10.3,11.9
"SimForest","T07","T07_P2","T07_P2_3","Calophyllum inophyllum","Species","B",24.5,21.5
"SimForest","T07","T07_P5","T07_P5_4","Calophyllum inophyllum","Species","B",25.9,21
"SimForest","T07","T07_P2","T07_P2_1","Elateriospermum tapos","Species","C",14,14.1
"SimForest","T07","T07_P2","T07_P2_2","Elateriospermum tapos","Species","C",13.4,12.6
"SimForest","T07","T07_P4","T07_P4_3","Elateriospermum tapos","Species","A",40.2,30.5
"SimForest","T07","T07_P5","T07_P5_1","Macaranga gigantea","Species","B",21.5,19.1
"SimForest","T07","T07_P4","T07_P4_1","Mallotus paniculatus","Species","C",10,12
"SimForest","T07","T07_P2","T07_P2_2","Mallotus paniculatus","Species","A",56.4,39.4
"SimForest","T07","T07_P2","T07_P2_3","Mallotus paniculatus","Species","C",9.8,10.7
"SimForest","T07","T07_P5","T07_P5_1","Nephelium lappaceum","Species","C",6.1,9.2
"SimForest","T07","T07_P1","T07_P1_2","Nephelium lappaceum","Species","C",6.5,9
"SimForest","T07","T07_P4","T07_P4_3","Nephelium lappaceum","Species","B",17.5,15.9
"SimForest","T07","T07_P5","T07_P5_4","Nephelium lappaceum","Species","C",11,11.7
"SimForest","T07","T07_P2","T07_P2_1","Parkia speciosa","Species","C",10.6,11.2
"SimForest","T07","T07_P2","T07_P2_2","Parkia speciosa","Species","C",12.9,14
"SimForest","T07","T07_P5","T07_P5_3","Parkia speciosa","Species","C",11.8,11.3
"SimForest","T07","T07_P2","T07_P2_4","Parkia speciosa","Species","B",21.3,18.2
"SimForest","T07","T07_P5","T07_P5_1","Vatica rassak","Species","C",8.6,10.8
"SimForest","T07","T07_P4","T07_P4_2","Vatica rassak","Species","C",7.5,9.7
"SimForest","T07","T07_P4","T07_P4_3","Vatica rassak","Species","C",9.3,11.1
"SimForest","T07","T07_P1","T07_P1_4","Vatica rassak","Species","B",29.8,23.7
"SimForest","T07","T07_P4","T07_P4_5","Vatica rassak","Species","B",19.1,16.7
"SimForest","T08","T08_P3","T08_P3_1","Shorea leprosula","Species","B",25.2,17.8
"SimForest","T08","T08_P4","T08_P4_2","Shorea leprosula","Species","A",48.6,33.9
"SimForest","T08","T08_P1","T08_P1_3","Shorea leprosula","Species","C",7.6,8.9
"SimForest","T08","T08_P5","T08_P5_4","Shorea leprosula","Species","C",9.6,10.1
"SimForest","T08","T08_P5","T08_P5_1","Shorea parvifolia","Species","C",5.5,8.2
"SimForest","T08","T08_P2","T08_P2_2","Shorea parvifolia","Species","C",7.9,9.1
"SimForest","T08","T08_P1","T08_P1_3","Shorea parvifolia","Species","C",9.4,9.9
"SimForest","T08","T08_P5","T08_P5_4","Shorea parvifolia","Species","C",6,8.5
"SimForest","T08","T08_P1","T08_P1_1","Shorea acuminata","Species","B",16.8,16.7
"SimForest","T08","T08_P2","T08_P2_2","Shorea acuminata","Species","C",8.5,10.8
"SimForest","T08","T08_P3","T08_P3_3","Shorea acuminata","Species","C",7.1,9.1
"SimForest","T08","T08_P4","T08_P4_4","Shorea acuminata","Species","C",11,12.5
"SimForest","T08","T08_P3","T08_P3_1","Dipterocarpus alatus","Species","C",14.3,14.5
"SimForest","T08","T08_P4","T08_P4_1","Dipterocarpus caudatus","Species","B",28.2,22.5
"SimForest","T08","T08_P2","T08_P2_2","Dipterocarpus caudatus","Species","C",11.5,12
"SimForest","T08","T08_P2","T08_P2_1","Hopea nervosa","Species","B",18.3,16.3
"SimForest","T08","T08_P1","T08_P1_1","Dryobalanops aromatica","Species","C",7.6,9.9
"SimForest","T08","T08_P5","T08_P5_1","Syzygium polyanthum","Species","C",11.6,10.9
"SimForest","T08","T08_P4","T08_P4_1","Syzygium claviflorum","Species","B",17.6,16.8
"SimForest","T08","T08_P5","T08_P5_1","Dacryodes rostrata","Species","B",18.6,14.5
"SimForest","T08","T08_P3","T08_P3_2","Dacryodes rostrata","Species","C",9.7,11.2
"SimForest","T08","T08_P2","T08_P2_1","Diospyros macrophylla","Species","B",20.5,16.1
"SimForest","T08","T08_P1","T08_P1_1","Ficus benjamina","Species","C",6.8,9.5
"SimForest","T08","T08_P1","T08_P1_1","Artocarpus elasticus","Species","C",14.3,13.7
"SimForest","T08","T08_P5","T08_P5_2","Artocarpus elasticus","Species","B",23.7,21.3
"SimForest","T08","T08_P1","T08_P1_1","Durio zibethinus","Species","B",20,16
"SimForest","T08","T08_P1","T08_P1_1","Koompassia excelsa","Species","C",8.5,10.7
"SimForest","T08","T08_P5","T08_P5_2","Koompassia excelsa","Species","B",18.6,14.9
"SimForest","T08","T08_P3","T08_P3_3","Koompassia excelsa","Species","C",13.5,12.2
"SimForest","T08","T08_P5","T08_P5_1","Dyera costulata","Species","B",24.7,21.1
"SimForest","T08","T08_P3","T08_P3_2","Dyera costulata","Species","C",9.4,11.3
"SimForest","T08","T08_P3","T08_P3_3","Dyera costulata","Species","B",29.8,25.1
"SimForest","T08","T08_P1","T08_P1_1","Palaquium rostratum","Species","C",14.2,13.9
"SimForest","T08","T08_P5","T08_P5_2","Palaquium rostratum","Species","B",28.2,19.7
"SimForest","T08","T08_P2","T08_P2_1","Santiria laevigata","Species","A",57.1,42.7
"SimForest","T08","T08_P3","T08_P3_1","Aglaia argentea","Species","C",9.9,11.4
"SimForest","T08","T08_P1","T08_P1_1","Litsea firma","Species","C",11.1,12.4
"SimForest","T08","T08_P3","T08_P3_2","Litsea firma","Species","A",61.8,36.8
"SimForest","T08","T08_P5","T08_P5_3","Litsea firma","Species","C",6.2,8.9
"SimForest","T08","T08_P3","T08_P3_4","Litsea firma","Species","C",12.3,13.4
"SimForest","T08","T08_P4","T08_P4_1","Baccaurea macrocarpa","Species","B",18.5,16.2
"SimForest","T08","T08_P3","T08_P3_2","Baccaurea macrocarpa","Species","B",23,19
"SimForest","T08","T08_P5","T08_P5_3","Baccaurea macrocarpa","Species","C",13.3,14.1
"SimForest","T08","T08_P3","T08_P3_4","Baccaurea macrocarpa","Species","B",16.2,15.7
"SimForest","T08","T08_P5","T08_P5_1","Garcinia parvifolia","Species","C",12.1,12.4
"SimForest","T08","T08_P5","T08_P5_2","Garcinia parvifolia","Species","C",14.1,13.2
"SimForest","T08","T08_P3","T08_P3_3","Garcinia parvifolia","Species","B",25.2,19.5
"SimForest","T08","T08_P4","T08_P4_4","Garcinia parvifolia","Species","C",14,12.7
"SimForest","T08","T08_P1","T08_P1_1","Alstonia scholaris","Species","A",58.5,39.6
"SimForest","T08","T08_P2","T08_P2_1","Calophyllum inophyllum","Species","C",11,11.1
"SimForest","T08","T08_P3","T08_P3_2","Calophyllum inophyllum","Species","B",17.9,14.2
"SimForest","T08","T08_P2","T08_P2_3","Calophyllum inophyllum","Species","C",8.6,9.9
"SimForest","T08","T08_P1","T08_P1_4","Calophyllum inophyllum","Species","C",13.7,14
"SimForest","T08","T08_P4","T08_P4_5","Calophyllum inophyllum","Species","C",13.8,13.6
"SimForest","T08","T08_P5","T08_P5_1","Elateriospermum tapos","Species","B",22.2,16.7
"SimForest","T08","T08_P5","T08_P5_2","Elateriospermum tapos","Species","C",12.9,12.5
"SimForest","T08","T08_P4","T08_P4_3","Elateriospermum tapos","Species","A",51.1,39.8
"SimForest","T08","T08_P1","T08_P1_1","Eusideroxylon zwageri","Species","A",43.8,30.9
"SimForest","T08","T08_P1","T08_P1_2","Eusideroxylon zwageri","Species","C",9.9,11.8
"SimForest","T08","T08_P5","T08_P5_1","Macaranga gigantea","Species","C",8.2,9.4
"SimForest","T08","T08_P4","T08_P4_1","Mallotus paniculatus","Species","C",14.3,13.5
"SimForest","T08","T08_P1","T08_P1_1","Nephelium lappaceum","Species","B",19,17.9
"SimForest","T08","T08_P2","T08_P2_2","Nephelium lappaceum","Species","A",50.1,31.1
"SimForest","T08","T08_P4","T08_P4_1","Parkia speciosa","Species","B",22.3,18.3
"SimForest","T08","T08_P3","T08_P3_2","Parkia speciosa","Species","C",10.2,12.1
"SimForest","T08","T08_P1","T08_P1_1","Vatica rassak","Species","C",12.9,11.8
"SimForest","T08","T08_P3","T08_P3_2","Vatica rassak","Species","A",37.5,27
"SimForest","T09","T09_P5","T09_P5_1","Shorea leprosula","Species","A",48.2,32.3
"SimForest","T09","T09_P1","T09_P1_2","Shorea leprosula","Species","C",7.7,9.1
"SimForest","T09","T09_P4","T09_P4_3","Shorea leprosula","Species","C",8.6,10.1
"SimForest","T09","T09_P2","T09_P2_4","Shorea leprosula","Species","B",19.8,18
"SimForest","T09","T09_P3","T09_P3_1","Shorea parvifolia","Species","A",57,44.8
"SimForest","T09","T09_P3","T09_P3_2","Shorea parvifolia","Species","B",19,16
"SimForest","T09","T09_P2","T09_P2_3","Shorea parvifolia","Species","C",7.7,9
"SimForest","T09","T09_P4","T09_P4_4","Shorea parvifolia","Species","C",11.9,11.4
"SimForest","T09","T09_P5","T09_P5_5","Shorea parvifolia","Species","A",54.9,42.5
"SimForest","T09","T09_P5","T09_P5_1","Shorea acuminata","Species","C",14.4,12.5
"SimForest","T09","T09_P5","T09_P5_2","Shorea acuminata","Species","C",11.8,12
"SimForest","T09","T09_P5","T09_P5_3","Shorea acuminata","Species","C",10.4,12.1
"SimForest","T09","T09_P1","T09_P1_4","Shorea acuminata","Species","A",41.8,31.8
"SimForest","T09","T09_P4","T09_P4_5","Shorea acuminata","Species","C",9.1,10
"SimForest","T09","T09_P5","T09_P5_6","Shorea acuminata","Species","C",12.7,13.1
"SimForest","T09","T09_P2","T09_P2_1","Dipterocarpus alatus","Species","C",13.5,12.1
"SimForest","T09","T09_P2","T09_P2_2","Dipterocarpus alatus","Species","B",21.8,19.4
"SimForest","T09","T09_P5","T09_P5_3","Dipterocarpus alatus","Species","C",12.4,13.2
"SimForest","T09","T09_P4","T09_P4_4","Dipterocarpus alatus","Species","C",15,13
"SimForest","T09","T09_P3","T09_P3_5","Dipterocarpus alatus","Species","B",21.7,17.6
"SimForest","T09","T09_P3","T09_P3_1","Dipterocarpus caudatus","Species","B",26.4,19
"SimForest","T09","T09_P5","T09_P5_2","Dipterocarpus caudatus","Species","A",64.1,48
"SimForest","T09","T09_P5","T09_P5_3","Dipterocarpus caudatus","Species","C",15.6,13.2
"SimForest","T09","T09_P1","T09_P1_4","Dipterocarpus caudatus","Species","C",9.3,11.5
"SimForest","T09","T09_P1","T09_P1_5","Dipterocarpus caudatus","Species","C",14.4,14.6
"SimForest","T09","T09_P5","T09_P5_6","Dipterocarpus caudatus","Species","A",36.7,30.4
"SimForest","T09","T09_P1","T09_P1_7","Dipterocarpus caudatus","Species","C",14.8,15.2
"SimForest","T09","T09_P1","T09_P1_1","Hopea nervosa","Species","A",37.4,27
"SimForest","T09","T09_P4","T09_P4_2","Hopea nervosa","Species","B",23.8,19
"SimForest","T09","T09_P4","T09_P4_3","Hopea nervosa","Species","B",31.1,25.9
"SimForest","T09","T09_P4","T09_P4_4","Hopea nervosa","Species","B",27.4,19.5
"SimForest","T09","T09_P4","T09_P4_5","Hopea nervosa","Species","C",13.5,13.7
"SimForest","T09","T09_P1","T09_P1_6","Hopea nervosa","Species","C",7.1,8.7
"SimForest","T09","T09_P3","T09_P3_1","Dryobalanops aromatica","Species","B",25.8,21.4
"SimForest","T09","T09_P5","T09_P5_2","Dryobalanops aromatica","Species","A",53.4,33.9
"SimForest","T09","T09_P4","T09_P4_3","Dryobalanops aromatica","Species","C",12.3,12.9
"SimForest","T09","T09_P1","T09_P1_4","Dryobalanops aromatica","Species","C",9.4,10
"SimForest","T09","T09_P3","T09_P3_5","Dryobalanops aromatica","Species","C",16.3,14.8
"SimForest","T09","T09_P4","T09_P4_6","Dryobalanops aromatica","Species","B",18.3,15.4
"SimForest","T09","T09_P2","T09_P2_7","Dryobalanops aromatica","Species","C",10,11.5
"SimForest","T09","T09_P5","T09_P5_1","Syzygium polyanthum","Species","C",14.6,13.2
"SimForest","T09","T09_P3","T09_P3_2","Syzygium polyanthum","Species","C",6.5,9.3
"SimForest","T09","T09_P3","T09_P3_3","Syzygium polyanthum","Species","C",8.5,10.5
"SimForest","T09","T09_P4","T09_P4_4","Syzygium polyanthum","Species","A",62.1,41.8
"SimForest","T09","T09_P4","T09_P4_5","Syzygium polyanthum","Species","A",51.1,31.1
"SimForest","T09","T09_P3","T09_P3_6","Syzygium polyanthum","Species","B",20.9,16.3
"SimForest","T09","T09_P1","T09_P1_7","Syzygium polyanthum","Species","C",8,10
"SimForest","T09","T09_P1","T09_P1_8","Syzygium polyanthum","Species","C",9.7,10
"SimForest","T09","T09_P2","T09_P2_9","Syzygium polyanthum","Species","C",14.3,12.5
"SimForest","T09","T09_P3","T09_P3_10","Syzygium polyanthum","Species","A",46.8,36.3
"SimForest","T09","T09_P3","T09_P3_11","Syzygium polyanthum","Species","C",9,10.8
"SimForest","T09","T09_P5","T09_P5_12","Syzygium polyanthum","Species","B",31.1,25.7
"SimForest","T09","T09_P1","T09_P1_1","Syzygium claviflorum","Species","B",27.5,19.5
"SimForest","T09","T09_P3","T09_P3_2","Syzygium claviflorum","Species","C",9.9,11.3
"SimForest","T09","T09_P4","T09_P4_3","Syzygium claviflorum","Species","C",8.7,10.4
"SimForest","T09","T09_P5","T09_P5_4","Syzygium claviflorum","Species","C",16.2,14.1
"SimForest","T09","T09_P2","T09_P2_1","Dacryodes rostrata","Species","C",15.9,15.2
"SimForest","T09","T09_P1","T09_P1_2","Dacryodes rostrata","Species","C",10.2,11.7
"SimForest","T09","T09_P5","T09_P5_3","Dacryodes rostrata","Species","B",28.9,21.3
"SimForest","T09","T09_P4","T09_P4_4","Dacryodes rostrata","Species","B",30.8,24.8
"SimForest","T09","T09_P1","T09_P1_5","Dacryodes rostrata","Species","A",57.5,37.1
"SimForest","T09","T09_P1","T09_P1_6","Dacryodes rostrata","Species","C",12.9,13.5
"SimForest","T09","T09_P3","T09_P3_7","Dacryodes rostrata","Species","C",14.5,13.2
"SimForest","T09","T09_P1","T09_P1_8","Dacryodes rostrata","Species","A",69.2,42.1
"SimForest","T09","T09_P2","T09_P2_9","Dacryodes rostrata","Species","C",8,9.1
"SimForest","T09","T09_P4","T09_P4_10","Dacryodes rostrata","Species","C",14.2,13.8
"SimForest","T09","T09_P5","T09_P5_11","Dacryodes rostrata","Species","C",14.1,12.2
"SimForest","T09","T09_P5","T09_P5_12","Dacryodes rostrata","Species","B",32.7,24.6
"SimForest","T09","T09_P3","T09_P3_13","Dacryodes rostrata","Species","C",9.2,10.9
"SimForest","T09","T09_P4","T09_P4_14","Dacryodes rostrata","Species","C",16.4,14.5
"SimForest","T09","T09_P3","T09_P3_15","Dacryodes rostrata","Species","C",9,10.6
"SimForest","T09","T09_P3","T09_P3_1","Ficus variegata","Species","C",13.7,14.1
"SimForest","T09","T09_P4","T09_P4_1","Artocarpus elasticus","Species","C",14.8,13.2
"SimForest","T09","T09_P4","T09_P4_2","Artocarpus elasticus","Species","B",24.1,21.5
"SimForest","T09","T09_P3","T09_P3_1","Durio zibethinus","Species","B",18.4,15.2
"SimForest","T09","T09_P2","T09_P2_2","Durio zibethinus","Species","A",36.5,27.7
"SimForest","T09","T09_P3","T09_P3_3","Durio zibethinus","Species","C",7.7,10.4
"SimForest","T09","T09_P5","T09_P5_4","Durio zibethinus","Species","B",18.8,17.9
"SimForest","T09","T09_P4","T09_P4_1","Koompassia excelsa","Species","C",16.2,13.1
"SimForest","T09","T09_P2","T09_P2_2","Koompassia excelsa","Species","C",14.3,14
"SimForest","T09","T09_P4","T09_P4_3","Koompassia excelsa","Species","A",58.3,36.2
"SimForest","T09","T09_P5","T09_P5_4","Koompassia excelsa","Species","C",13.2,13.5
"SimForest","T09","T09_P2","T09_P2_5","Koompassia excelsa","Species","C",8.6,10.3
"SimForest","T09","T09_P3","T09_P3_6","Koompassia excelsa","Species","C",12.9,13.3
"SimForest","T09","T09_P5","T09_P5_7","Koompassia excelsa","Species","C",10.4,10.5
"SimForest","T09","T09_P1","T09_P1_1","Dyera costulata","Species","C",15.2,13.8
"SimForest","T09","T09_P4","T09_P4_2","Dyera costulata","Species","C",12.2,12
"SimForest","T09","T09_P5","T09_P5_3","Dyera costulata","Species","C",14.5,12.9
"SimForest","T09","T09_P5","T09_P5_4","Dyera costulata","Species","B",31.8,21.5
"SimForest","T09","T09_P1","T09_P1_5","Dyera costulata","Species","C",8.4,10.6
"SimForest","T09","T09_P5","T09_P5_6","Dyera costulata","Species","A",39,30
"SimForest","T09","T09_P1","T09_P1_1","Palaquium rostratum","Species","B",26.1,18.2
"SimForest","T09","T09_P3","T09_P3_2","Palaquium rostratum","Species","C",13.8,12
"SimForest","T09","T09_P3","T09_P3_3","Palaquium rostratum","Species","B",31.6,21.4
"SimForest","T09","T09_P5","T09_P5_4","Palaquium rostratum","Species","C",11.5,11
"SimForest","T09","T09_P3","T09_P3_5","Palaquium rostratum","Species","C",16,14.8
"SimForest","T09","T09_P5","T09_P5_6","Palaquium rostratum","Species","C",14.2,14.6
"SimForest","T09","T09_P4","T09_P4_7","Palaquium rostratum","Species","C",12.1,12.3
"SimForest","T09","T09_P4","T09_P4_8","Palaquium rostratum","Species","C",16.2,14.9
"SimForest","T09","T09_P3","T09_P3_1","Santiria laevigata","Species","C",15.7,13.5
"SimForest","T09","T09_P5","T09_P5_2","Santiria laevigata","Species","A",57.8,40.7
"SimForest","T09","T09_P5","T09_P5_3","Santiria laevigata","Species","A",50.3,33
"SimForest","T09","T09_P4","T09_P4_4","Santiria laevigata","Species","C",10.9,11.7
"SimForest","T09","T09_P3","T09_P3_5","Santiria laevigata","Species","B",31.4,26.8
"SimForest","T09","T09_P3","T09_P3_6","Santiria laevigata","Species","B",28.5,23.6
"SimForest","T09","T09_P5","T09_P5_7","Santiria laevigata","Species","C",14.8,13.4
"SimForest","T09","T09_P5","T09_P5_8","Santiria laevigata","Species","B",23.5,18.8
"SimForest","T09","T09_P5","T09_P5_9","Santiria laevigata","Species","C",14.1,14.2
"SimForest","T09","T09_P5","T09_P5_10","Santiria laevigata","Species","C",8.1,10.1
"SimForest","T09","T09_P3","T09_P3_11","Santiria laevigata","Species","C",6.8,9.3
"SimForest","T09","T09_P3","T09_P3_12","Santiria laevigata","Species","B",31.4,26.6
"SimForest","T09","T09_P4","T09_P4_1","Aglaia argentea","Species","C",6.5,9.1
"SimForest","T09","T09_P1","T09_P1_2","Aglaia argentea","Species","A",55.9,35.9
"SimForest","T09","T09_P2","T09_P2_3","Aglaia argentea","Species","C",12.1,13.1
"SimForest","T09","T09_P5","T09_P5_1","Knema laurina","Species","C",14.8,13.1
"SimForest","T09","T09_P3","T09_P3_2","Knema laurina","Species","B",21.7,16.3
"SimForest","T09","T09_P3","T09_P3_1","Horsfieldia irya","Species","C",14.6,13.3
"SimForest","T09","T09_P2","T09_P2_2","Horsfieldia irya","Species","C",14,14.3
"SimForest","T09","T09_P5","T09_P5_3","Horsfieldia irya","Species","B",23.5,18.5
"SimForest","T09","T09_P3","T09_P3_4","Horsfieldia irya","Species","C",13.2,13.6
"SimForest","T09","T09_P2","T09_P2_5","Horsfieldia irya","Species","C",8.9,11.2
"SimForest","T09","T09_P3","T09_P3_6","Horsfieldia irya","Species","A",61.4,39.9
"SimForest","T09","T09_P2","T09_P2_1","Litsea firma","Species","C",9.2,10.9
"SimForest","T09","T09_P3","T09_P3_2","Litsea firma","Species","C",15.7,14.4
"SimForest","T09","T09_P4","T09_P4_3","Litsea firma","Species","C",14.5,13.1
"SimForest","T09","T09_P2","T09_P2_4","Litsea firma","Species","A",36.9,27.6
"SimForest","T09","T09_P5","T09_P5_5","Litsea firma","Species","B",26.8,21.3
"SimForest","T09","T09_P2","T09_P2_6","Litsea firma","Species","C",15.9,13.4
"SimForest","T09","T09_P5","T09_P5_7","Litsea firma","Species","B",26.1,22.7
"SimForest","T09","T09_P2","T09_P2_1","Baccaurea macrocarpa","Species","C",9.4,9.9
"SimForest","T09","T09_P3","T09_P3_2","Baccaurea macrocarpa","Species","B",26.4,18.5
"SimForest","T09","T09_P4","T09_P4_3","Baccaurea macrocarpa","Species","C",15.1,13.1
"SimForest","T09","T09_P3","T09_P3_4","Baccaurea macrocarpa","Species","C",10.8,11.3
"SimForest","T09","T09_P4","T09_P4_5","Baccaurea macrocarpa","Species","B",24.3,18.5
"SimForest","T09","T09_P1","T09_P1_6","Baccaurea macrocarpa","Species","C",7.8,9.8
"SimForest","T09","T09_P2","T09_P2_7","Baccaurea macrocarpa","Species","C",12.2,13
"SimForest","T09","T09_P4","T09_P4_8","Baccaurea macrocarpa","Species","C",11.1,12.8
"SimForest","T09","T09_P3","T09_P3_9","Baccaurea macrocarpa","Species","C",12.5,13.1
"SimForest","T09","T09_P4","T09_P4_10","Baccaurea macrocarpa","Species","A",38,25.8
"SimForest","T09","T09_P4","T09_P4_11","Baccaurea macrocarpa","Species","B",30.6,24.2
"SimForest","T09","T09_P2","T09_P2_1","Garcinia parvifolia","Species","A",46.3,31.5
"SimForest","T09","T09_P3","T09_P3_2","Garcinia parvifolia","Species","C",9.9,11.9
"SimForest","T09","T09_P5","T09_P5_3","Garcinia parvifolia","Species","C",15.2,13.7
"SimForest","T09","T09_P2","T09_P2_4","Garcinia parvifolia","Species","C",13.5,12
"SimForest","T09","T09_P2","T09_P2_5","Garcinia parvifolia","Species","C",7.3,8.7
"SimForest","T09","T09_P2","T09_P2_6","Garcinia parvifolia","Species","B",29.7,23.8
"SimForest","T09","T09_P5","T09_P5_7","Garcinia parvifolia","Species","C",14.9,13.8
"SimForest","T09","T09_P3","T09_P3_1","Alstonia scholaris","Species","B",32.3,21.5
"SimForest","T09","T09_P4","T09_P4_2","Alstonia scholaris","Species","C",7.5,9.7
"SimForest","T09","T09_P2","T09_P2_1","Calophyllum inophyllum","Species","C",10.8,10.9
"SimForest","T09","T09_P3","T09_P3_2","Calophyllum inophyllum","Species","C",15.2,12.7
"SimForest","T09","T09_P3","T09_P3_3","Calophyllum inophyllum","Species","C",14.8,15.2
"SimForest","T09","T09_P3","T09_P3_4","Calophyllum inophyllum","Species","A",49.2,38.3
"SimForest","T09","T09_P1","T09_P1_5","Calophyllum inophyllum","Species","C",16,15.6
"SimForest","T09","T09_P4","T09_P4_6","Calophyllum inophyllum","Species","C",10.5,11.5
"SimForest","T09","T09_P3","T09_P3_7","Calophyllum inophyllum","Species","B",22,17.3
"SimForest","T09","T09_P5","T09_P5_8","Calophyllum inophyllum","Species","B",25.1,20.9
"SimForest","T09","T09_P3","T09_P3_9","Calophyllum inophyllum","Species","B",21.3,16
"SimForest","T09","T09_P3","T09_P3_1","Elateriospermum tapos","Species","C",15.4,15.5
"SimForest","T09","T09_P2","T09_P2_2","Elateriospermum tapos","Species","C",9.2,9.9
"SimForest","T09","T09_P5","T09_P5_3","Elateriospermum tapos","Species","B",23.7,19.1
"SimForest","T09","T09_P3","T09_P3_4","Elateriospermum tapos","Species","B",18.2,17.5
"SimForest","T09","T09_P4","T09_P4_5","Elateriospermum tapos","Species","C",13.7,13.7
"SimForest","T09","T09_P5","T09_P5_6","Elateriospermum tapos","Species","C",10.3,11
"SimForest","T09","T09_P4","T09_P4_7","Elateriospermum tapos","Species","C",12.2,11.5
"SimForest","T09","T09_P5","T09_P5_8","Elateriospermum tapos","Species","C",10.7,11.6
"SimForest","T09","T09_P3","T09_P3_1","Eusideroxylon zwageri","Species","C",9.4,10.3
"SimForest","T09","T09_P5","T09_P5_2","Eusideroxylon zwageri","Species","B",28.7,23.6
"SimForest","T09","T09_P5","T09_P5_3","Eusideroxylon zwageri","Species","B",27.1,22.1
"SimForest","T09","T09_P4","T09_P4_4","Eusideroxylon zwageri","Species","A",40.7,27
"SimForest","T09","T09_P4","T09_P4_5","Eusideroxylon zwageri","Species","C",8.8,10.9
"SimForest","T09","T09_P5","T09_P5_1","Intsia palembanica","Species","C",11.5,12.5
"SimForest","T09","T09_P2","T09_P2_2","Intsia palembanica","Species","C",6.5,9.3
"SimForest","T09","T09_P4","T09_P4_1","Macaranga gigantea","Species","C",11.8,11.7
"SimForest","T09","T09_P3","T09_P3_2","Macaranga gigantea","Species","C",10.3,11.6
"SimForest","T09","T09_P1","T09_P1_3","Macaranga gigantea","Species","C",11.6,11.7
"SimForest","T09","T09_P1","T09_P1_4","Macaranga gigantea","Species","B",27.3,21.4
"SimForest","T09","T09_P2","T09_P2_5","Macaranga gigantea","Species","B",29.4,21.3
"SimForest","T09","T09_P5","T09_P5_6","Macaranga gigantea","Species","B",20.4,18.4
"SimForest","T09","T09_P2","T09_P2_1","Mallotus paniculatus","Species","C",15.6,13.7
"SimForest","T09","T09_P4","T09_P4_2","Mallotus paniculatus","Species","A",35.7,25.1
"SimForest","T09","T09_P2","T09_P2_3","Mallotus paniculatus","Species","C",8.6,11
"SimForest","T09","T09_P4","T09_P4_4","Mallotus paniculatus","Species","C",15.5,13.9
"SimForest","T09","T09_P3","T09_P3_5","Mallotus paniculatus","Species","B",32.1,22.6
"SimForest","T09","T09_P5","T09_P5_6","Mallotus paniculatus","Species","B",21.5,16.3
"SimForest","T09","T09_P1","T09_P1_7","Mallotus paniculatus","Species","C",12.8,13.5
"SimForest","T09","T09_P1","T09_P1_8","Mallotus paniculatus","Species","A",34.9,23.6
"SimForest","T09","T09_P2","T09_P2_9","Mallotus paniculatus","Species","A",52.1,36.4
"SimForest","T09","T09_P3","T09_P3_10","Mallotus paniculatus","Species","A",36,24
"SimForest","T09","T09_P5","T09_P5_11","Mallotus paniculatus","Species","C",9,11
"SimForest","T09","T09_P4","T09_P4_1","Nephelium lappaceum","Species","A",57.3,40.5
"SimForest","T09","T09_P5","T09_P5_2","Nephelium lappaceum","Species","B",20.7,18.2
"SimForest","T09","T09_P2","T09_P2_3","Nephelium lappaceum","Species","B",18.4,14.4
"SimForest","T09","T09_P5","T09_P5_4","Nephelium lappaceum","Species","C",9.2,11
"SimForest","T09","T09_P2","T09_P2_5","Nephelium lappaceum","Species","A",40.7,27.9
"SimForest","T09","T09_P3","T09_P3_1","Parkia speciosa","Species","C",9.9,10.1
"SimForest","T09","T09_P5","T09_P5_2","Parkia speciosa","Species","B",17.9,15.7
"SimForest","T09","T09_P4","T09_P4_3","Parkia speciosa","Species","C",6.8,8.7
"SimForest","T09","T09_P4","T09_P4_4","Parkia speciosa","Species","C",12.4,12.8
"SimForest","T09","T09_P5","T09_P5_5","Parkia speciosa","Species","C",15.9,13.8
"SimForest","T09","T09_P4","T09_P4_6","Parkia speciosa","Species","C",15.7,14.8
"SimForest","T09","T09_P3","T09_P3_7","Parkia speciosa","Species","C",8.7,10.4
"SimForest","T09","T09_P4","T09_P4_8","Parkia speciosa","Species","B",19.5,17.4
"SimForest","T09","T09_P2","T09_P2_9","Parkia speciosa","Species","C",16.4,13.6
"SimForest","T09","T09_P4","T09_P4_10","Parkia speciosa","Species","B",22.5,16.6
"SimForest","T09","T09_P5","T09_P5_11","Parkia speciosa","Species","B",22.7,17.7
"SimForest","T09","T09_P1","T09_P1_1","Vatica rassak","Species","B",22.7,17.3
"SimForest","T09","T09_P4","T09_P4_2","Vatica rassak","Species","B",19.1,15.1
"SimForest","T09","T09_P3","T09_P3_3","Vatica rassak","Species","A",63.2,49.1
"SimForest","T09","T09_P1","T09_P1_4","Vatica rassak","Species","B",31.9,24.4
"SimForest","T09","T09_P4","T09_P4_5","Vatica rassak","Species","B",25.5,18.1
"SimForest","T09","T09_P3","T09_P3_6","Vatica rassak","Species","C",15.6,14.9
"SimForest","T10","T10_P5","T10_P5_1","Shorea leprosula","Species","C",6.3,9.2
"SimForest","T10","T10_P5","T10_P5_2","Shorea leprosula","Species","C",6.6,8.5
"SimForest","T10","T10_P2","T10_P2_3","Shorea leprosula","Species","C",13.6,11.9
"SimForest","T10","T10_P1","T10_P1_4","Shorea leprosula","Species","C",9.6,10.2
"SimForest","T10","T10_P4","T10_P4_5","Shorea leprosula","Species","C",9.7,11.7
"SimForest","T10","T10_P3","T10_P3_6","Shorea leprosula","Species","C",6.7,9.7
"SimForest","T10","T10_P5","T10_P5_1","Shorea parvifolia","Species","C",8.3,10.1
"SimForest","T10","T10_P5","T10_P5_1","Shorea acuminata","Species","C",14,12.9
"SimForest","T10","T10_P4","T10_P4_2","Shorea acuminata","Species","C",6.9,9.6
"SimForest","T10","T10_P3","T10_P3_1","Dipterocarpus alatus","Species","A",46.9,37.7
"SimForest","T10","T10_P3","T10_P3_1","Dipterocarpus caudatus","Species","A",71,50.9
"SimForest","T10","T10_P1","T10_P1_1","Hopea nervosa","Species","C",14.1,12.2
"SimForest","T10","T10_P5","T10_P5_2","Hopea nervosa","Species","C",13.3,13.5
"SimForest","T10","T10_P2","T10_P2_3","Hopea nervosa","Species","C",9.9,10.1
"SimForest","T10","T10_P4","T10_P4_4","Hopea nervosa","Species","A",61.7,44.4
"SimForest","T10","T10_P1","T10_P1_1","Dryobalanops aromatica","Species","A",35.5,26
"SimForest","T10","T10_P2","T10_P2_2","Dryobalanops aromatica","Species","C",7.3,9.1
"SimForest","T10","T10_P5","T10_P5_3","Dryobalanops aromatica","Species","C",7.2,8.6
"SimForest","T10","T10_P5","T10_P5_4","Dryobalanops aromatica","Species","A",54.6,33.9
"SimForest","T10","T10_P5","T10_P5_5","Dryobalanops aromatica","Species","C",13.4,14.1
"SimForest","T10","T10_P5","T10_P5_1","Syzygium polyanthum","Species","C",14.1,12.6
"SimForest","T10","T10_P4","T10_P4_2","Syzygium polyanthum","Species","B",21.1,16.6
"SimForest","T10","T10_P4","T10_P4_3","Syzygium polyanthum","Species","C",11.9,12.6
"SimForest","T10","T10_P4","T10_P4_4","Syzygium polyanthum","Species","B",18.9,15.4
"SimForest","T10","T10_P1","T10_P1_5","Syzygium polyanthum","Species","B",30.3,21.9
"SimForest","T10","T10_P5","T10_P5_6","Syzygium polyanthum","Species","B",17.8,14
"SimForest","T10","T10_P1","T10_P1_1","Syzygium claviflorum","Species","A",49.6,32.2
"SimForest","T10","T10_P3","T10_P3_2","Syzygium claviflorum","Species","C",8.4,10.6
"SimForest","T10","T10_P3","T10_P3_1","Dacryodes rostrata","Species","C",14.5,12.8
"SimForest","T10","T10_P4","T10_P4_2","Dacryodes rostrata","Species","B",28.2,24
"SimForest","T10","T10_P5","T10_P5_3","Dacryodes rostrata","Species","C",13,12.2
"SimForest","T10","T10_P5","T10_P5_4","Dacryodes rostrata","Species","A",62.2,38.8
"SimForest","T10","T10_P2","T10_P2_1","Diospyros macrophylla","Species","A",68.2,49.2
"SimForest","T10","T10_P3","T10_P3_1","Ficus benjamina","Species","C",10.8,11.5
"SimForest","T10","T10_P4","T10_P4_2","Ficus benjamina","Species","A",53.4,38.5
"SimForest","T10","T10_P3","T10_P3_1","Ficus variegata","Species","C",8.8,10
"SimForest","T10","T10_P2","T10_P2_1","Artocarpus elasticus","Species","B",24.2,20.7
"SimForest","T10","T10_P4","T10_P4_1","Durio zibethinus","Species","C",10.5,10.4
"SimForest","T10","T10_P1","T10_P1_2","Durio zibethinus","Species","B",30.6,22.6
"SimForest","T10","T10_P3","T10_P3_1","Koompassia excelsa","Species","C",15.1,12.9
"SimForest","T10","T10_P4","T10_P4_2","Koompassia excelsa","Species","C",9.8,10.8
"SimForest","T10","T10_P2","T10_P2_1","Palaquium rostratum","Species","B",25.8,18.5
"SimForest","T10","T10_P4","T10_P4_1","Santiria laevigata","Species","B",22.3,20.5
"SimForest","T10","T10_P1","T10_P1_2","Santiria laevigata","Species","C",6.1,8.2
"SimForest","T10","T10_P1","T10_P1_3","Santiria laevigata","Species","C",11.2,11.1
"SimForest","T10","T10_P4","T10_P4_4","Santiria laevigata","Species","C",6.6,9.2
"SimForest","T10","T10_P3","T10_P3_5","Santiria laevigata","Species","B",30.4,21.6
"SimForest","T10","T10_P1","T10_P1_6","Santiria laevigata","Species","C",11.6,12
"SimForest","T10","T10_P5","T10_P5_7","Santiria laevigata","Species","B",18.5,15.6
"SimForest","T10","T10_P1","T10_P1_1","Aglaia argentea","Species","C",9.8,10.8
"SimForest","T10","T10_P1","T10_P1_1","Knema laurina","Species","B",28.6,24
"SimForest","T10","T10_P4","T10_P4_2","Knema laurina","Species","C",9.8,11.6
"SimForest","T10","T10_P2","T10_P2_3","Knema laurina","Species","C",9,9.6
"SimForest","T10","T10_P4","T10_P4_4","Knema laurina","Species","B",22.4,17.4
"SimForest","T10","T10_P1","T10_P1_5","Knema laurina","Species","C",14.4,12.3
"SimForest","T10","T10_P4","T10_P4_1","Horsfieldia irya","Species","B",24.2,18.7
"SimForest","T10","T10_P4","T10_P4_2","Horsfieldia irya","Species","A",52,35.8
"SimForest","T10","T10_P1","T10_P1_1","Litsea firma","Species","C",6.7,9
"SimForest","T10","T10_P1","T10_P1_2","Litsea firma","Species","C",8.6,9.6
"SimForest","T10","T10_P1","T10_P1_3","Litsea firma","Species","B",29.7,23.9
"SimForest","T10","T10_P2","T10_P2_1","Baccaurea macrocarpa","Species","C",12.3,11.4
"SimForest","T10","T10_P5","T10_P5_2","Baccaurea macrocarpa","Species","C",10.3,10.8
"SimForest","T10","T10_P2","T10_P2_3","Baccaurea macrocarpa","Species","C",14.3,14
"SimForest","T10","T10_P2","T10_P2_4","Baccaurea macrocarpa","Species","C",8,9.6
"SimForest","T10","T10_P3","T10_P3_5","Baccaurea macrocarpa","Species","C",10.2,10.4
"SimForest","T10","T10_P4","T10_P4_1","Garcinia parvifolia","Species","B",19,15
"SimForest","T10","T10_P1","T10_P1_2","Garcinia parvifolia","Species","A",62.7,43.5
"SimForest","T10","T10_P2","T10_P2_1","Alstonia scholaris","Species","C",14.8,14
"SimForest","T10","T10_P1","T10_P1_1","Calophyllum inophyllum","Species","C",7.7,8.9
"SimForest","T10","T10_P2","T10_P2_1","Elateriospermum tapos","Species","C",10.5,10.9
"SimForest","T10","T10_P3","T10_P3_2","Elateriospermum tapos","Species","C",11.2,10.7
"SimForest","T10","T10_P3","T10_P3_3","Elateriospermum tapos","Species","C",14.8,14.1
"SimForest","T10","T10_P3","T10_P3_4","Elateriospermum tapos","Species","B",22.1,19.8
"SimForest","T10","T10_P2","T10_P2_1","Eusideroxylon zwageri","Species","B",29.4,23.2
"SimForest","T10","T10_P5","T10_P5_2","Eusideroxylon zwageri","Species","C",12,12.6
"SimForest","T10","T10_P3","T10_P3_1","Macaranga gigantea","Species","A",63.8,43.2
"SimForest","T10","T10_P2","T10_P2_2","Macaranga gigantea","Species","B",25.9,19
"SimForest","T10","T10_P3","T10_P3_3","Macaranga gigantea","Species","A",45,34.7
"SimForest","T10","T10_P2","T10_P2_1","Mallotus paniculatus","Species","C",5.8,8.5
"SimForest","T10","T10_P3","T10_P3_1","Nephelium lappaceum","Species","B",17.8,15.9
"SimForest","T10","T10_P2","T10_P2_1","Parkia speciosa","Species","A",59.8,35.5
"SimForest","T10","T10_P3","T10_P3_2","Parkia speciosa","Species","B",29.3,19.8
"SimForest","T10","T10_P3","T10_P3_1","Vatica rassak","Species","B",18.6,16.2
"SimForest","T10","T10_P3","T10_P3_2","Vatica rassak","Species","C",8.1,9.5
"SimForest","T10","T10_P1","T10_P1_3","Vatica rassak","Species","C",9.9,10.1
"SimForest","T10","T10_P5","T10_P5_4","Vatica rassak","Species","A",36.7,25
"SimForest","T11","T11_P2","T11_P2_1","Shorea leprosula","Species","B",24.3,19.5
"SimForest","T11","T11_P3","T11_P3_2","Shorea leprosula","Species","C",7.8,9
"SimForest","T11","T11_P4","T11_P4_1","Shorea parvifolia","Species","B",31.9,24.3
"SimForest","T11","T11_P5","T11_P5_2","Shorea parvifolia","Species","A",48.9,30.9
"SimForest","T11","T11_P1","T11_P1_3","Shorea parvifolia","Species","A",58.7,35.4
"SimForest","T11","T11_P5","T11_P5_1","Shorea acuminata","Species","B",21.5,19.5
"SimForest","T11","T11_P1","T11_P1_2","Shorea acuminata","Species","C",15.3,15.3
"SimForest","T11","T11_P4","T11_P4_3","Shorea acuminata","Species","C",8.6,9.9
"SimForest","T11","T11_P4","T11_P4_1","Dipterocarpus alatus","Species","C",11.8,12.8
"SimForest","T11","T11_P3","T11_P3_2","Dipterocarpus alatus","Species","B",27.4,21
"SimForest","T11","T11_P5","T11_P5_3","Dipterocarpus alatus","Species","C",8.2,10.6
"SimForest","T11","T11_P4","T11_P4_1","Dipterocarpus caudatus","Species","C",10.8,11.8
"SimForest","T11","T11_P3","T11_P3_2","Dipterocarpus caudatus","Species","C",8.5,10
"SimForest","T11","T11_P5","T11_P5_3","Dipterocarpus caudatus","Species","C",7.9,9.6
"SimForest","T11","T11_P2","T11_P2_4","Dipterocarpus caudatus","Species","C",12.6,11.8
"SimForest","T11","T11_P5","T11_P5_5","Dipterocarpus caudatus","Species","A",62,37.2
"SimForest","T11","T11_P1","T11_P1_6","Dipterocarpus caudatus","Species","A",44,30.8
"SimForest","T11","T11_P5","T11_P5_7","Dipterocarpus caudatus","Species","C",11.3,12.8
"SimForest","T11","T11_P4","T11_P4_1","Hopea nervosa","Species","C",8.7,10.5
"SimForest","T11","T11_P2","T11_P2_2","Hopea nervosa","Species","C",13.6,14.3
"SimForest","T11","T11_P4","T11_P4_3","Hopea nervosa","Species","B",23.6,18.9
"SimForest","T11","T11_P1","T11_P1_4","Hopea nervosa","Species","C",8,9.6
"SimForest","T11","T11_P2","T11_P2_5","Hopea nervosa","Species","A",58.4,34.7
"SimForest","T11","T11_P2","T11_P2_6","Hopea nervosa","Species","C",13.9,14.2
"SimForest","T11","T11_P1","T11_P1_7","Hopea nervosa","Species","A",53,34.6
"SimForest","T11","T11_P1","T11_P1_8","Hopea nervosa","Species","C",14.1,13.3
"SimForest","T11","T11_P3","T11_P3_1","Dryobalanops aromatica","Species","A",55,37.4
"SimForest","T11","T11_P2","T11_P2_2","Dryobalanops aromatica","Species","C",16,15.6
"SimForest","T11","T11_P5","T11_P5_3","Dryobalanops aromatica","Species","B",21,18.4
"SimForest","T11","T11_P4","T11_P4_4","Dryobalanops aromatica","Species","C",12.3,13.3
"SimForest","T11","T11_P2","T11_P2_1","Syzygium polyanthum","Species","A",40.9,30.8
"SimForest","T11","T11_P4","T11_P4_2","Syzygium polyanthum","Species","B",19.9,18.6
"SimForest","T11","T11_P3","T11_P3_3","Syzygium polyanthum","Species","B",25.1,18.3
"SimForest","T11","T11_P3","T11_P3_1","Syzygium claviflorum","Species","C",10.7,11.7
"SimForest","T11","T11_P5","T11_P5_1","Dacryodes rostrata","Species","A",35.9,25.4
"SimForest","T11","T11_P1","T11_P1_2","Dacryodes rostrata","Species","B",17.9,15.1
"SimForest","T11","T11_P5","T11_P5_3","Dacryodes rostrata","Species","C",14.8,15
"SimForest","T11","T11_P1","T11_P1_4","Dacryodes rostrata","Species","B",19.5,15.4
"SimForest","T11","T11_P5","T11_P5_1","Diospyros macrophylla","Species","C",12.8,11.9
"SimForest","T11","T11_P4","T11_P4_1","Ficus benjamina","Species","C",10.5,12.1
"SimForest","T11","T11_P5","T11_P5_2","Ficus benjamina","Species","C",10.8,11.8
"SimForest","T11","T11_P2","T11_P2_3","Ficus benjamina","Species","B",20,16.5
"SimForest","T11","T11_P2","T11_P2_1","Ficus variegata","Species","B",28.5,23.2
"SimForest","T11","T11_P1","T11_P1_1","Artocarpus elasticus","Species","A",38.5,26.7
"SimForest","T11","T11_P1","T11_P1_2","Artocarpus elasticus","Species","C",14.5,12.5
"SimForest","T11","T11_P2","T11_P2_3","Artocarpus elasticus","Species","C",15.6,15.7
"SimForest","T11","T11_P5","T11_P5_1","Durio zibethinus","Species","B",31.6,23
"SimForest","T11","T11_P3","T11_P3_2","Durio zibethinus","Species","C",9.1,9.6
"SimForest","T11","T11_P1","T11_P1_3","Durio zibethinus","Species","B",28.2,23.2
"SimForest","T11","T11_P2","T11_P2_1","Koompassia excelsa","Species","C",13,12.6
"SimForest","T11","T11_P3","T11_P3_2","Koompassia excelsa","Species","C",6.8,8.7
"SimForest","T11","T11_P1","T11_P1_3","Koompassia excelsa","Species","C",14.9,13.4
"SimForest","T11","T11_P1","T11_P1_4","Koompassia excelsa","Species","C",15.2,14.5
"SimForest","T11","T11_P5","T11_P5_5","Koompassia excelsa","Species","B",24.2,21.7
"SimForest","T11","T11_P5","T11_P5_1","Dyera costulata","Species","C",14.3,12.8
"SimForest","T11","T11_P1","T11_P1_2","Dyera costulata","Species","C",14.4,13.6
"SimForest","T11","T11_P3","T11_P3_3","Dyera costulata","Species","B",19.1,18.3
"SimForest","T11","T11_P1","T11_P1_4","Dyera costulata","Species","B",27.1,22.6
"SimForest","T11","T11_P4","T11_P4_5","Dyera costulata","Species","C",10.3,11.3
"SimForest","T11","T11_P3","T11_P3_6","Dyera costulata","Species","C",15.4,12.9
"SimForest","T11","T11_P3","T11_P3_1","Palaquium rostratum","Species","C",7.8,8.9
"SimForest","T11","T11_P1","T11_P1_1","Santiria laevigata","Species","C",7.6,9.8
"SimForest","T11","T11_P4","T11_P4_2","Santiria laevigata","Species","C",9.1,10.5
"SimForest","T11","T11_P5","T11_P5_3","Santiria laevigata","Species","C",11.7,13.1
"SimForest","T11","T11_P3","T11_P3_4","Santiria laevigata","Species","A",47.9,33.2
"SimForest","T11","T11_P4","T11_P4_5","Santiria laevigata","Species","B",29.9,21.7
"SimForest","T11","T11_P1","T11_P1_6","Santiria laevigata","Species","B",29.6,20.7
"SimForest","T11","T11_P4","T11_P4_7","Santiria laevigata","Species","C",15.2,13
"SimForest","T11","T11_P5","T11_P5_1","Aglaia argentea","Species","A",67.9,39.9
"SimForest","T11","T11_P5","T11_P5_1","Knema laurina","Species","C",10.3,11.7
"SimForest","T11","T11_P1","T11_P1_2","Knema laurina","Species","C",7.8,9.3
"SimForest","T11","T11_P3","T11_P3_3","Knema laurina","Species","B",25.9,19.3
"SimForest","T11","T11_P1","T11_P1_4","Knema laurina","Species","C",14.7,13.3
"SimForest","T11","T11_P2","T11_P2_5","Knema laurina","Species","C",6.8,9.3
"SimForest","T11","T11_P2","T11_P2_1","Horsfieldia irya","Species","C",8.5,9.9
"SimForest","T11","T11_P4","T11_P4_2","Horsfieldia irya","Species","C",9.4,10.5
"SimForest","T11","T11_P3","T11_P3_3","Horsfieldia irya","Species","C",10.7,11.2
"SimForest","T11","T11_P2","T11_P2_4","Horsfieldia irya","Species","B",20.4,15.6
"SimForest","T11","T11_P3","T11_P3_5","Horsfieldia irya","Species","B",20.3,17
"SimForest","T11","T11_P4","T11_P4_6","Horsfieldia irya","Species","C",10.1,10.7
"SimForest","T11","T11_P3","T11_P3_7","Horsfieldia irya","Species","C",8.1,10.2
"SimForest","T11","T11_P3","T11_P3_1","Litsea firma","Species","C",6.4,9
"SimForest","T11","T11_P3","T11_P3_2","Litsea firma","Species","C",11.8,11.2
"SimForest","T11","T11_P1","T11_P1_3","Litsea firma","Species","A",73.4,47
"SimForest","T11","T11_P1","T11_P1_4","Litsea firma","Species","B",27.4,22
"SimForest","T11","T11_P1","T11_P1_5","Litsea firma","Species","B",30.2,21.9
"SimForest","T11","T11_P5","T11_P5_6","Litsea firma","Species","A",60.9,38.9
"SimForest","T11","T11_P1","T11_P1_7","Litsea firma","Species","C",9.1,10.9
"SimForest","T11","T11_P3","T11_P3_8","Litsea firma","Species","C",7.8,10
"SimForest","T11","T11_P2","T11_P2_9","Litsea firma","Species","B",18.4,17.1
"SimForest","T11","T11_P2","T11_P2_1","Baccaurea macrocarpa","Species","C",14.8,13.7
"SimForest","T11","T11_P3","T11_P3_2","Baccaurea macrocarpa","Species","C",12.4,11.3
"SimForest","T11","T11_P5","T11_P5_3","Baccaurea macrocarpa","Species","C",8.7,10.5
"SimForest","T11","T11_P1","T11_P1_4","Baccaurea macrocarpa","Species","B",17.7,14.4
"SimForest","T11","T11_P5","T11_P5_5","Baccaurea macrocarpa","Species","C",10.4,10.7
"SimForest","T11","T11_P4","T11_P4_6","Baccaurea macrocarpa","Species","C",8.8,10.3
"SimForest","T11","T11_P3","T11_P3_7","Baccaurea macrocarpa","Species","B",22.7,19.6
"SimForest","T11","T11_P3","T11_P3_8","Baccaurea macrocarpa","Species","C",13.5,13.9
"SimForest","T11","T11_P2","T11_P2_1","Garcinia parvifolia","Species","C",15,13.7
"SimForest","T11","T11_P2","T11_P2_2","Garcinia parvifolia","Species","A",48.5,38.3
"SimForest","T11","T11_P2","T11_P2_3","Garcinia parvifolia","Species","B",26.2,19.1
"SimForest","T11","T11_P4","T11_P4_4","Garcinia parvifolia","Species","C",8,9.7
"SimForest","T11","T11_P5","T11_P5_5","Garcinia parvifolia","Species","B",17.5,16.5
"SimForest","T11","T11_P3","T11_P3_6","Garcinia parvifolia","Species","C",7.5,9
"SimForest","T11","T11_P4","T11_P4_7","Garcinia parvifolia","Species","B",27.6,22.5
"SimForest","T11","T11_P4","T11_P4_1","Alstonia scholaris","Species","B",20.5,15.9
"SimForest","T11","T11_P5","T11_P5_2","Alstonia scholaris","Species","B",29.6,20.8
"SimForest","T11","T11_P5","T11_P5_3","Alstonia scholaris","Species","B",27,21.4
"SimForest","T11","T11_P2","T11_P2_4","Alstonia scholaris","Species","C",13.6,14.3
"SimForest","T11","T11_P2","T11_P2_1","Calophyllum inophyllum","Species","B",26.7,20.6
"SimForest","T11","T11_P3","T11_P3_2","Calophyllum inophyllum","Species","C",14.9,12.4
"SimForest","T11","T11_P3","T11_P3_3","Calophyllum inophyllum","Species","A",63.6,40.6
"SimForest","T11","T11_P5","T11_P5_4","Calophyllum inophyllum","Species","C",9.9,10.2
"SimForest","T11","T11_P4","T11_P4_5","Calophyllum inophyllum","Species","C",8.9,9.8
"SimForest","T11","T11_P4","T11_P4_1","Elateriospermum tapos","Species","C",14.5,14.3
"SimForest","T11","T11_P1","T11_P1_2","Elateriospermum tapos","Species","C",8.3,9.9
"SimForest","T11","T11_P5","T11_P5_3","Elateriospermum tapos","Species","B",18,14.6
"SimForest","T11","T11_P5","T11_P5_4","Elateriospermum tapos","Species","A",47.3,38.1
"SimForest","T11","T11_P1","T11_P1_1","Eusideroxylon zwageri","Species","C",9,10.3
"SimForest","T11","T11_P1","T11_P1_2","Eusideroxylon zwageri","Species","C",12.2,11.2
"SimForest","T11","T11_P4","T11_P4_3","Eusideroxylon zwageri","Species","C",8.4,10.4
"SimForest","T11","T11_P4","T11_P4_4","Eusideroxylon zwageri","Species","B",28.4,21.7
"SimForest","T11","T11_P5","T11_P5_5","Eusideroxylon zwageri","Species","C",11.9,12.7
"SimForest","T11","T11_P2","T11_P2_1","Intsia palembanica","Species","C",10.4,10.7
"SimForest","T11","T11_P3","T11_P3_1","Macaranga gigantea","Species","C",15.2,13.3
"SimForest","T11","T11_P3","T11_P3_2","Macaranga gigantea","Species","C",9.3,11.4
"SimForest","T11","T11_P5","T11_P5_3","Macaranga gigantea","Species","B",25.6,19.4
"SimForest","T11","T11_P2","T11_P2_4","Macaranga gigantea","Species","B",17.3,13.7
"SimForest","T11","T11_P1","T11_P1_5","Macaranga gigantea","Species","B",21.3,18.4
"SimForest","T11","T11_P1","T11_P1_6","Macaranga gigantea","Species","C",7.9,9.3
"SimForest","T11","T11_P3","T11_P3_1","Mallotus paniculatus","Species","C",14.7,14
"SimForest","T11","T11_P3","T11_P3_2","Mallotus paniculatus","Species","C",9.9,11.2
"SimForest","T11","T11_P5","T11_P5_3","Mallotus paniculatus","Species","C",10.1,11.4
"SimForest","T11","T11_P2","T11_P2_4","Mallotus paniculatus","Species","B",27.7,19
"SimForest","T11","T11_P4","T11_P4_5","Mallotus paniculatus","Species","B",20.6,18.8
"SimForest","T11","T11_P2","T11_P2_6","Mallotus paniculatus","Species","C",10,10.5
"SimForest","T11","T11_P5","T11_P5_1","Nephelium lappaceum","Species","C",6.4,9.1
"SimForest","T11","T11_P4","T11_P4_2","Nephelium lappaceum","Species","A",64.2,42.9
"SimForest","T11","T11_P1","T11_P1_3","Nephelium lappaceum","Species","C",14,13.5
"SimForest","T11","T11_P4","T11_P4_1","Parkia speciosa","Species","C",8.9,9.9
"SimForest","T11","T11_P1","T11_P1_2","Parkia speciosa","Species","C",15.9,14.8
"SimForest","T11","T11_P3","T11_P3_3","Parkia speciosa","Species","C",13.5,14.1
"SimForest","T11","T11_P5","T11_P5_4","Parkia speciosa","Species","C",13.1,12.2
"SimForest","T11","T11_P2","T11_P2_5","Parkia speciosa","Species","B",20.9,18.6
"SimForest","T11","T11_P1","T11_P1_6","Parkia speciosa","Species","C",6.9,8.5
"SimForest","T11","T11_P1","T11_P1_7","Parkia speciosa","Species","C",8,9.1
"SimForest","T11","T11_P1","T11_P1_1","Vatica rassak","Species","C",16,16
"SimForest","T11","T11_P4","T11_P4_2","Vatica rassak","Species","A",60.4,42.6
"SimForest","T11","T11_P5","T11_P5_3","Vatica rassak","Species","C",11.3,12.6
"SimForest","T12","T12_P4","T12_P4_1","Shorea leprosula","Species","C",10.8,11.4
"SimForest","T12","T12_P2","T12_P2_2","Shorea leprosula","Species","A",42.2,29.8
"SimForest","T12","T12_P3","T12_P3_3","Shorea leprosula","Species","B",29,20.5
"SimForest","T12","T12_P2","T12_P2_4","Shorea leprosula","Species","B",22.9,16.8
"SimForest","T12","T12_P3","T12_P3_5","Shorea leprosula","Species","C",12.7,12.1
"SimForest","T12","T12_P3","T12_P3_6","Shorea leprosula","Species","C",10.5,10.5
"SimForest","T12","T12_P1","T12_P1_7","Shorea leprosula","Species","C",7,9.8
"SimForest","T12","T12_P4","T12_P4_8","Shorea leprosula","Species","B",28.2,21.5
"SimForest","T12","T12_P2","T12_P2_9","Shorea leprosula","Species","A",48.7,32.9
"SimForest","T12","T12_P5","T12_P5_10","Shorea leprosula","Species","B",17.1,16.7
"SimForest","T12","T12_P1","T12_P1_11","Shorea leprosula","Species","B",27.4,23.5
"SimForest","T12","T12_P5","T12_P5_1","Shorea parvifolia","Species","B",20.5,17.5
"SimForest","T12","T12_P3","T12_P3_1","Shorea acuminata","Species","C",12.1,12.1
"SimForest","T12","T12_P2","T12_P2_2","Shorea acuminata","Species","B",20.1,15.4
"SimForest","T12","T12_P4","T12_P4_3","Shorea acuminata","Species","B",28.3,22.7
"SimForest","T12","T12_P2","T12_P2_4","Shorea acuminata","Species","B",29.9,20.3
"SimForest","T12","T12_P2","T12_P2_5","Shorea acuminata","Species","C",15.6,15.7
"SimForest","T12","T12_P4","T12_P4_6","Shorea acuminata","Species","C",13.6,14.4
"SimForest","T12","T12_P2","T12_P2_7","Shorea acuminata","Species","C",15.7,13.3
"SimForest","T12","T12_P5","T12_P5_8","Shorea acuminata","Species","B",28.1,24.4
"SimForest","T12","T12_P3","T12_P3_9","Shorea acuminata","Species","B",18.2,17.6
"SimForest","T12","T12_P5","T12_P5_1","Dipterocarpus alatus","Species","B",30.9,20.8
"SimForest","T12","T12_P1","T12_P1_2","Dipterocarpus alatus","Species","C",13.9,14.5
"SimForest","T12","T12_P3","T12_P3_3","Dipterocarpus alatus","Species","B",31.1,21.7
"SimForest","T12","T12_P5","T12_P5_1","Dipterocarpus caudatus","Species","C",15.4,14.7
"SimForest","T12","T12_P2","T12_P2_2","Dipterocarpus caudatus","Species","C",11.6,12.9
"SimForest","T12","T12_P4","T12_P4_3","Dipterocarpus caudatus","Species","B",19.5,16.8
"SimForest","T12","T12_P1","T12_P1_4","Dipterocarpus caudatus","Species","C",7.4,9.1
"SimForest","T12","T12_P2","T12_P2_5","Dipterocarpus caudatus","Species","C",6,8.9
"SimForest","T12","T12_P1","T12_P1_6","Dipterocarpus caudatus","Species","C",7.9,9.6
"SimForest","T12","T12_P4","T12_P4_7","Dipterocarpus caudatus","Species","B",25.9,22.4
"SimForest","T12","T12_P5","T12_P5_8","Dipterocarpus caudatus","Species","B",18.9,17
"SimForest","T12","T12_P2","T12_P2_9","Dipterocarpus caudatus","Species","C",14.9,14.6
"SimForest","T12","T12_P5","T12_P5_10","Dipterocarpus caudatus","Species","C",15.2,14.2
"SimForest","T12","T12_P2","T12_P2_11","Dipterocarpus caudatus","Species","B",17.2,15.5
"SimForest","T12","T12_P4","T12_P4_12","Dipterocarpus caudatus","Species","B",29.3,20.5
"SimForest","T12","T12_P3","T12_P3_13","Dipterocarpus caudatus","Species","A",69.1,52.6
"SimForest","T12","T12_P1","T12_P1_14","Dipterocarpus caudatus","Species","C",9.8,10.6
"SimForest","T12","T12_P1","T12_P1_1","Hopea nervosa","Species","C",9.7,10.5
"SimForest","T12","T12_P2","T12_P2_1","Dryobalanops aromatica","Species","C",10.3,10.4
"SimForest","T12","T12_P5","T12_P5_2","Dryobalanops aromatica","Species","A",61.1,36.5
"SimForest","T12","T12_P1","T12_P1_1","Syzygium polyanthum","Species","C",10.7,11.4
"SimForest","T12","T12_P4","T12_P4_2","Syzygium polyanthum","Species","C",8,9.7
"SimForest","T12","T12_P2","T12_P2_3","Syzygium polyanthum","Species","C",15,15.3
"SimForest","T12","T12_P5","T12_P5_4","Syzygium polyanthum","Species","C",15.8,14.1
"SimForest","T12","T12_P4","T12_P4_5","Syzygium polyanthum","Species","C",9.2,10
"SimForest","T12","T12_P2","T12_P2_6","Syzygium polyanthum","Species","C",14.4,12.3
"SimForest","T12","T12_P4","T12_P4_1","Syzygium claviflorum","Species","B",22.2,16.1
"SimForest","T12","T12_P5","T12_P5_2","Syzygium claviflorum","Species","B",17.7,15.6
"SimForest","T12","T12_P3","T12_P3_3","Syzygium claviflorum","Species","C",11,11.8
"SimForest","T12","T12_P4","T12_P4_4","Syzygium claviflorum","Species","A",53.9,33.1
"SimForest","T12","T12_P1","T12_P1_1","Dacryodes rostrata","Species","B",31.1,21.2
"SimForest","T12","T12_P3","T12_P3_2","Dacryodes rostrata","Species","C",13.4,11.8
"SimForest","T12","T12_P1","T12_P1_3","Dacryodes rostrata","Species","B",19.3,17.2
"SimForest","T12","T12_P1","T12_P1_4","Dacryodes rostrata","Species","B",18.2,16.1
"SimForest","T12","T12_P4","T12_P4_5","Dacryodes rostrata","Species","B",26.2,20.6
"SimForest","T12","T12_P1","T12_P1_6","Dacryodes rostrata","Species","C",8.3,10.8
"SimForest","T12","T12_P5","T12_P5_1","Diospyros macrophylla","Species","B",23.6,18.1
"SimForest","T12","T12_P5","T12_P5_1","Ficus benjamina","Species","C",12.6,13.1
"SimForest","T12","T12_P5","T12_P5_2","Ficus benjamina","Species","B",28,19.1
"SimForest","T12","T12_P1","T12_P1_1","Artocarpus elasticus","Species","C",6.7,9.2
"SimForest","T12","T12_P1","T12_P1_2","Artocarpus elasticus","Species","C",9.9,10.5
"SimForest","T12","T12_P4","T12_P4_1","Durio zibethinus","Species","C",13.3,13.9
"SimForest","T12","T12_P4","T12_P4_2","Durio zibethinus","Species","B",19.6,15.4
"SimForest","T12","T12_P1","T12_P1_3","Durio zibethinus","Species","A",58.4,44.2
"SimForest","T12","T12_P5","T12_P5_4","Durio zibethinus","Species","A",63.2,48.8
"SimForest","T12","T12_P1","T12_P1_1","Koompassia excelsa","Species","B",23,18.2
"SimForest","T12","T12_P4","T12_P4_2","Koompassia excelsa","Species","C",15.7,14.5
"SimForest","T12","T12_P2","T12_P2_3","Koompassia excelsa","Species","C",11.6,13
"SimForest","T12","T12_P1","T12_P1_4","Koompassia excelsa","Species","B",27.3,24.1
"SimForest","T12","T12_P2","T12_P2_5","Koompassia excelsa","Species","B",24.3,18.5
"SimForest","T12","T12_P3","T12_P3_1","Dyera costulata","Species","C",13.3,13.9
"SimForest","T12","T12_P3","T12_P3_2","Dyera costulata","Species","C",8.3,10.2
"SimForest","T12","T12_P5","T12_P5_3","Dyera costulata","Species","C",8.5,9.6
"SimForest","T12","T12_P3","T12_P3_4","Dyera costulata","Species","C",12.4,13.3
"SimForest","T12","T12_P1","T12_P1_5","Dyera costulata","Species","B",29.7,22.7
"SimForest","T12","T12_P1","T12_P1_1","Palaquium rostratum","Species","B",27.7,20.4
"SimForest","T12","T12_P1","T12_P1_2","Palaquium rostratum","Species","C",10.1,12
"SimForest","T12","T12_P3","T12_P3_1","Santiria laevigata","Species","C",15,13.2
"SimForest","T12","T12_P4","T12_P4_2","Santiria laevigata","Species","B",18.8,14.6
"SimForest","T12","T12_P2","T12_P2_3","Santiria laevigata","Species","A",42.4,27.7
"SimForest","T12","T12_P1","T12_P1_4","Santiria laevigata","Species","C",13.3,14.2
"SimForest","T12","T12_P1","T12_P1_1","Knema laurina","Species","B",30,25.3
"SimForest","T12","T12_P4","T12_P4_2","Knema laurina","Species","B",23.4,20.7
"SimForest","T12","T12_P1","T12_P1_3","Knema laurina","Species","B",20,15
"SimForest","T12","T12_P4","T12_P4_1","Horsfieldia irya","Species","B",19.6,15.4
"SimForest","T12","T12_P2","T12_P2_2","Horsfieldia irya","Species","B",24.6,21.4
"SimForest","T12","T12_P3","T12_P3_3","Horsfieldia irya","Species","B",24.2,20
"SimForest","T12","T12_P4","T12_P4_4","Horsfieldia irya","Species","C",6.3,8.2
"SimForest","T12","T12_P4","T12_P4_5","Horsfieldia irya","Species","C",7.3,9.8
"SimForest","T12","T12_P1","T12_P1_6","Horsfieldia irya","Species","B",21.7,20.1
"SimForest","T12","T12_P3","T12_P3_1","Litsea firma","Species","C",12.1,11.1
"SimForest","T12","T12_P5","T12_P5_2","Litsea firma","Species","C",11.6,12.1
"SimForest","T12","T12_P2","T12_P2_3","Litsea firma","Species","C",11.4,12.8
"SimForest","T12","T12_P2","T12_P2_4","Litsea firma","Species","B",24.3,19.1
"SimForest","T12","T12_P1","T12_P1_5","Litsea firma","Species","B",23,19.1
"SimForest","T12","T12_P4","T12_P4_6","Litsea firma","Species","B",25.4,19.7
"SimForest","T12","T12_P1","T12_P1_7","Litsea firma","Species","A",63.1,41.6
"SimForest","T12","T12_P1","T12_P1_8","Litsea firma","Species","A",56.2,41.5
"SimForest","T12","T12_P5","T12_P5_1","Baccaurea macrocarpa","Species","C",15.9,13.5
"SimForest","T12","T12_P2","T12_P2_2","Baccaurea macrocarpa","Species","C",8.1,10.5
"SimForest","T12","T12_P5","T12_P5_3","Baccaurea macrocarpa","Species","C",13.1,13.2
"SimForest","T12","T12_P5","T12_P5_4","Baccaurea macrocarpa","Species","C",14.5,12.7
"SimForest","T12","T12_P3","T12_P3_1","Garcinia parvifolia","Species","B",24,21.4
"SimForest","T12","T12_P3","T12_P3_2","Garcinia parvifolia","Species","C",14.2,12.5
"SimForest","T12","T12_P4","T12_P4_3","Garcinia parvifolia","Species","B",30.6,21.7
"SimForest","T12","T12_P5","T12_P5_4","Garcinia parvifolia","Species","C",8.8,9.5
"SimForest","T12","T12_P3","T12_P3_5","Garcinia parvifolia","Species","C",13,12.1
"SimForest","T12","T12_P4","T12_P4_6","Garcinia parvifolia","Species","C",9,10.1
"SimForest","T12","T12_P5","T12_P5_7","Garcinia parvifolia","Species","C",16,14
"SimForest","T12","T12_P3","T12_P3_8","Garcinia parvifolia","Species","C",9.7,10.7
"SimForest","T12","T12_P5","T12_P5_9","Garcinia parvifolia","Species","C",9.8,10.6
"SimForest","T12","T12_P1","T12_P1_10","Garcinia parvifolia","Species","A",50.7,33.9
"SimForest","T12","T12_P5","T12_P5_11","Garcinia parvifolia","Species","C",11.1,11.3
"SimForest","T12","T12_P1","T12_P1_12","Garcinia parvifolia","Species","C",12.7,12.1
"SimForest","T12","T12_P4","T12_P4_1","Alstonia scholaris","Species","B",22.9,17.8
"SimForest","T12","T12_P4","T12_P4_1","Calophyllum inophyllum","Species","C",12.3,11.5
"SimForest","T12","T12_P3","T12_P3_2","Calophyllum inophyllum","Species","C",6.3,8.5
"SimForest","T12","T12_P5","T12_P5_3","Calophyllum inophyllum","Species","B",24.3,17.4
"SimForest","T12","T12_P4","T12_P4_4","Calophyllum inophyllum","Species","B",27.1,18.6
"SimForest","T12","T12_P5","T12_P5_5","Calophyllum inophyllum","Species","C",14.2,12.6
"SimForest","T12","T12_P2","T12_P2_1","Elateriospermum tapos","Species","A",65.7,41
"SimForest","T12","T12_P4","T12_P4_2","Elateriospermum tapos","Species","B",23.6,19.3
"SimForest","T12","T12_P1","T12_P1_3","Elateriospermum tapos","Species","C",14.4,12.5
"SimForest","T12","T12_P4","T12_P4_4","Elateriospermum tapos","Species","C",15.6,15.7
"SimForest","T12","T12_P2","T12_P2_5","Elateriospermum tapos","Species","B",25.4,22
"SimForest","T12","T12_P3","T12_P3_6","Elateriospermum tapos","Species","A",73.2,54.5
"SimForest","T12","T12_P1","T12_P1_7","Elateriospermum tapos","Species","B",30.8,23.6
"SimForest","T12","T12_P4","T12_P4_8","Elateriospermum tapos","Species","C",13.5,11.8
"SimForest","T12","T12_P3","T12_P3_9","Elateriospermum tapos","Species","C",7.1,10
"SimForest","T12","T12_P3","T12_P3_10","Elateriospermum tapos","Species","A",44.4,34.2
"SimForest","T12","T12_P4","T12_P4_1","Eusideroxylon zwageri","Species","B",19.6,16.2
"SimForest","T12","T12_P2","T12_P2_2","Eusideroxylon zwageri","Species","C",12.2,12.3
"SimForest","T12","T12_P4","T12_P4_3","Eusideroxylon zwageri","Species","C",10.7,12.4
"SimForest","T12","T12_P3","T12_P3_4","Eusideroxylon zwageri","Species","A",60.4,45.2
"SimForest","T12","T12_P3","T12_P3_5","Eusideroxylon zwageri","Species","C",7.7,8.9
"SimForest","T12","T12_P5","T12_P5_6","Eusideroxylon zwageri","Species","B",23.8,18.7
"SimForest","T12","T12_P4","T12_P4_7","Eusideroxylon zwageri","Species","C",9.1,9.8
"SimForest","T12","T12_P1","T12_P1_8","Eusideroxylon zwageri","Species","A",67.6,39
"SimForest","T12","T12_P2","T12_P2_1","Intsia palembanica","Species","C",10.7,10.5
"SimForest","T12","T12_P4","T12_P4_2","Intsia palembanica","Species","B",32,25.4
"SimForest","T12","T12_P1","T12_P1_1","Macaranga gigantea","Species","C",12,11.7
"SimForest","T12","T12_P1","T12_P1_2","Macaranga gigantea","Species","B",20.6,18.4
"SimForest","T12","T12_P1","T12_P1_1","Mallotus paniculatus","Species","B",24.3,19.6
"SimForest","T12","T12_P5","T12_P5_2","Mallotus paniculatus","Species","B",18.4,17.2
"SimForest","T12","T12_P2","T12_P2_3","Mallotus paniculatus","Species","B",25.5,22.1
"SimForest","T12","T12_P2","T12_P2_1","Nephelium lappaceum","Species","C",11.9,13.2
"SimForest","T12","T12_P3","T12_P3_2","Nephelium lappaceum","Species","C",10.4,10.3
"SimForest","T12","T12_P1","T12_P1_3","Nephelium lappaceum","Species","C",7.3,9.2
"SimForest","T12","T12_P1","T12_P1_1","Parkia speciosa","Species","C",8.4,10.6
"SimForest","T12","T12_P4","T12_P4_2","Parkia speciosa","Species","B",21.9,20.1
"SimForest","T12","T12_P5","T12_P5_1","Vatica rassak","Species","C",15.9,13.1
"SimForest","T12","T12_P5","T12_P5_2","Vatica rassak","Species","C",8.1,10.2
"SimForest","T12","T12_P4","T12_P4_3","Vatica rassak","Species","C",10.3,11.5
"SimForest","T12","T12_P2","T12_P2_4","Vatica rassak","Species","B",22.2,18.4
"SimForest","T12","T12_P1","T12_P1_5","Vatica rassak","Species","C",15.9,13.9
"SimForest","T13","T13_P2","T13_P2_1","Shorea leprosula","Species","C",15.8,16
"SimForest","T13","T13_P3","T13_P3_2","Shorea leprosula","Species","A",33.1,26.4
"SimForest","T13","T13_P2","T13_P2_3","Shorea leprosula","Species","C",9.4,11
"SimForest","T13","T13_P1","T13_P1_4","Shorea leprosula","Species","A",33.2,24.5
"SimForest","T13","T13_P4","T13_P4_5","Shorea leprosula","Species","C",15.6,14.3
"SimForest","T13","T13_P3","T13_P3_6","Shorea leprosula","Species","B",26.6,22.3
"SimForest","T13","T13_P5","T13_P5_1","Shorea parvifolia","Species","B",25.4,22.1
"SimForest","T13","T13_P2","T13_P2_2","Shorea parvifolia","Species","C",10.8,11.9
"SimForest","T13","T13_P3","T13_P3_3","Shorea parvifolia","Species","B",18.7,14.7
"SimForest","T13","T13_P2","T13_P2_1","Shorea acuminata","Species","C",5.9,8
"SimForest","T13","T13_P4","T13_P4_2","Shorea acuminata","Species","B",17.2,15.5
"SimForest","T13","T13_P4","T13_P4_3","Shorea acuminata","Species","B",26.8,19.2
"SimForest","T13","T13_P3","T13_P3_4","Shorea acuminata","Species","C",14.6,15.1
"SimForest","T13","T13_P1","T13_P1_5","Shorea acuminata","Species","C",8.2,10.4
"SimForest","T13","T13_P2","T13_P2_6","Shorea acuminata","Species","B",23,18.7
"SimForest","T13","T13_P3","T13_P3_7","Shorea acuminata","Species","B",30.6,23.4
"SimForest","T13","T13_P3","T13_P3_1","Dipterocarpus alatus","Species","B",26.1,22.8
"SimForest","T13","T13_P4","T13_P4_2","Dipterocarpus alatus","Species","C",6.1,8.6
"SimForest","T13","T13_P5","T13_P5_1","Dipterocarpus caudatus","Species","A",70.4,40.4
"SimForest","T13","T13_P2","T13_P2_2","Dipterocarpus caudatus","Species","C",12,12.4
"SimForest","T13","T13_P2","T13_P2_3","Dipterocarpus caudatus","Species","B",21.4,17.5
"SimForest","T13","T13_P2","T13_P2_4","Dipterocarpus caudatus","Species","C",12.7,13.5
"SimForest","T13","T13_P4","T13_P4_1","Hopea nervosa","Species","C",12.6,12.5
"SimForest","T13","T13_P5","T13_P5_1","Dryobalanops aromatica","Species","C",11.8,13
"SimForest","T13","T13_P4","T13_P4_2","Dryobalanops aromatica","Species","C",15.9,14.6
"SimForest","T13","T13_P3","T13_P3_3","Dryobalanops aromatica","Species","B",20.1,16.9
"SimForest","T13","T13_P3","T13_P3_1","Syzygium polyanthum","Species","A",38.3,29.7
"SimForest","T13","T13_P4","T13_P4_2","Syzygium polyanthum","Species","B",21.7,17.1
"SimForest","T13","T13_P1","T13_P1_3","Syzygium polyanthum","Species","A",62.8,39.6
"SimForest","T13","T13_P3","T13_P3_4","Syzygium polyanthum","Species","A",68.4,51.1
"SimForest","T13","T13_P5","T13_P5_5","Syzygium polyanthum","Species","C",6.6,8.4
"SimForest","T13","T13_P4","T13_P4_6","Syzygium polyanthum","Species","A",58.4,43.7
"SimForest","T13","T13_P4","T13_P4_7","Syzygium polyanthum","Species","B",26.3,21.9
"SimForest","T13","T13_P2","T13_P2_1","Dacryodes rostrata","Species","C",6.3,9.3
"SimForest","T13","T13_P3","T13_P3_2","Dacryodes rostrata","Species","C",7.8,10.4
"SimForest","T13","T13_P4","T13_P4_1","Ficus benjamina","Species","C",14.4,13.2
"SimForest","T13","T13_P3","T13_P3_2","Ficus benjamina","Species","C",9.4,10.1
"SimForest","T13","T13_P4","T13_P4_1","Ficus variegata","Species","C",13.8,14.1
"SimForest","T13","T13_P3","T13_P3_1","Artocarpus elasticus","Species","C",8.9,9.7
"SimForest","T13","T13_P5","T13_P5_2","Artocarpus elasticus","Species","C",12.7,12.8
"SimForest","T13","T13_P5","T13_P5_3","Artocarpus elasticus","Species","C",11.4,11.2
"SimForest","T13","T13_P5","T13_P5_1","Durio zibethinus","Species","C",6.2,9.3
"SimForest","T13","T13_P3","T13_P3_2","Durio zibethinus","Species","A",72.5,49.4
"SimForest","T13","T13_P4","T13_P4_3","Durio zibethinus","Species","B",28.4,21.2
"SimForest","T13","T13_P2","T13_P2_4","Durio zibethinus","Species","B",19.3,16.1
"SimForest","T13","T13_P5","T13_P5_5","Durio zibethinus","Species","A",56.2,37.4
"SimForest","T13","T13_P3","T13_P3_1","Dyera costulata","Species","B",17.5,14.3
"SimForest","T13","T13_P4","T13_P4_2","Dyera costulata","Species","C",7.7,9.6
"SimForest","T13","T13_P1","T13_P1_3","Dyera costulata","Species","C",15.7,13.3
"SimForest","T13","T13_P1","T13_P1_4","Dyera costulata","Species","C",11,12.4
"SimForest","T13","T13_P4","T13_P4_5","Dyera costulata","Species","C",14.5,14.7
"SimForest","T13","T13_P5","T13_P5_6","Dyera costulata","Species","C",8.9,9.5
"SimForest","T13","T13_P3","T13_P3_7","Dyera costulata","Species","C",8.6,10.7
"SimForest","T13","T13_P2","T13_P2_8","Dyera costulata","Species","B",27.6,21.3
"SimForest","T13","T13_P2","T13_P2_1","Palaquium rostratum","Species","B",19.2,16.6
"SimForest","T13","T13_P5","T13_P5_1","Santiria laevigata","Species","C",14.3,13.3
"SimForest","T13","T13_P4","T13_P4_2","Santiria laevigata","Species","C",13.6,11.8
"SimForest","T13","T13_P4","T13_P4_3","Santiria laevigata","Species","C",10.7,10.4
"SimForest","T13","T13_P5","T13_P5_4","Santiria laevigata","Species","C",14.5,13.9
"SimForest","T13","T13_P5","T13_P5_5","Santiria laevigata","Species","C",12.2,11.2
"SimForest","T13","T13_P3","T13_P3_6","Santiria laevigata","Species","A",40,25.4
"SimForest","T13","T13_P3","T13_P3_7","Santiria laevigata","Species","B",29.9,24
"SimForest","T13","T13_P1","T13_P1_8","Santiria laevigata","Species","A",65,50.2
"SimForest","T13","T13_P2","T13_P2_9","Santiria laevigata","Species","B",23.3,20.2
"SimForest","T13","T13_P2","T13_P2_1","Aglaia argentea","Species","B",21.7,18.4
"SimForest","T13","T13_P4","T13_P4_1","Knema laurina","Species","B",19.7,15.2
"SimForest","T13","T13_P4","T13_P4_2","Knema laurina","Species","C",12,11.6
"SimForest","T13","T13_P3","T13_P3_3","Knema laurina","Species","C",12.9,12.6
"SimForest","T13","T13_P4","T13_P4_4","Knema laurina","Species","C",11.1,12.3
"SimForest","T13","T13_P3","T13_P3_5","Knema laurina","Species","A",37.2,23.7
"SimForest","T13","T13_P3","T13_P3_6","Knema laurina","Species","C",9.6,11.7
"SimForest","T13","T13_P5","T13_P5_7","Knema laurina","Species","B",28.8,24.4
"SimForest","T13","T13_P5","T13_P5_1","Horsfieldia irya","Species","C",12.7,11.9
"SimForest","T13","T13_P5","T13_P5_2","Horsfieldia irya","Species","C",6.6,9.1
"SimForest","T13","T13_P5","T13_P5_3","Horsfieldia irya","Species","C",6,8.5
"SimForest","T13","T13_P5","T13_P5_4","Horsfieldia irya","Species","A",33.6,27.3
"SimForest","T13","T13_P5","T13_P5_5","Horsfieldia irya","Species","C",6.1,8.9
"SimForest","T13","T13_P3","T13_P3_6","Horsfieldia irya","Species","C",14,13.7
"SimForest","T13","T13_P1","T13_P1_7","Horsfieldia irya","Species","C",12.1,12.1
"SimForest","T13","T13_P1","T13_P1_1","Litsea firma","Species","C",10.6,11.2
"SimForest","T13","T13_P4","T13_P4_2","Litsea firma","Species","C",9,11
"SimForest","T13","T13_P2","T13_P2_3","Litsea firma","Species","A",61.5,41
"SimForest","T13","T13_P2","T13_P2_4","Litsea firma","Species","A",38,24.9
"SimForest","T13","T13_P4","T13_P4_1","Baccaurea macrocarpa","Species","C",7.4,9.4
"SimForest","T13","T13_P1","T13_P1_2","Baccaurea macrocarpa","Species","B",23.1,19.6
"SimForest","T13","T13_P5","T13_P5_3","Baccaurea macrocarpa","Species","C",13.7,13.1
"SimForest","T13","T13_P4","T13_P4_4","Baccaurea macrocarpa","Species","C",9.1,11.2
"SimForest","T13","T13_P4","T13_P4_5","Baccaurea macrocarpa","Species","B",30.5,22.3
"SimForest","T13","T13_P5","T13_P5_6","Baccaurea macrocarpa","Species","A",64.2,47.1
"SimForest","T13","T13_P3","T13_P3_1","Garcinia parvifolia","Species","B",20,16.7
"SimForest","T13","T13_P2","T13_P2_2","Garcinia parvifolia","Species","C",14.5,14.7
"SimForest","T13","T13_P2","T13_P2_3","Garcinia parvifolia","Species","A",64.1,44.7
"SimForest","T13","T13_P3","T13_P3_4","Garcinia parvifolia","Species","C",15,14.4
"SimForest","T13","T13_P1","T13_P1_5","Garcinia parvifolia","Species","B",27.9,22.9
"SimForest","T13","T13_P3","T13_P3_6","Garcinia parvifolia","Species","C",14.4,15
"SimForest","T13","T13_P2","T13_P2_1","Alstonia scholaris","Species","C",6,9
"SimForest","T13","T13_P2","T13_P2_1","Calophyllum inophyllum","Species","C",7.7,10.3
"SimForest","T13","T13_P4","T13_P4_2","Calophyllum inophyllum","Species","B",19.4,15
"SimForest","T13","T13_P4","T13_P4_3","Calophyllum inophyllum","Species","C",15.4,15.3
"SimForest","T13","T13_P2","T13_P2_4","Calophyllum inophyllum","Species","B",28.6,23.4
"SimForest","T13","T13_P1","T13_P1_5","Calophyllum inophyllum","Species","C",11.7,11.5
"SimForest","T13","T13_P4","T13_P4_6","Calophyllum inophyllum","Species","B",17.2,16.7
"SimForest","T13","T13_P1","T13_P1_7","Calophyllum inophyllum","Species","C",10.8,12.3
"SimForest","T13","T13_P1","T13_P1_1","Elateriospermum tapos","Species","C",14.7,13.2
"SimForest","T13","T13_P1","T13_P1_2","Elateriospermum tapos","Species","B",30.7,26.2
"SimForest","T13","T13_P3","T13_P3_3","Elateriospermum tapos","Species","A",38.1,25.4
"SimForest","T13","T13_P5","T13_P5_4","Elateriospermum tapos","Species","B",22,20
"SimForest","T13","T13_P3","T13_P3_5","Elateriospermum tapos","Species","A",55.2,39.2
"SimForest","T13","T13_P1","T13_P1_1","Eusideroxylon zwageri","Species","B",28.7,20.4
"SimForest","T13","T13_P5","T13_P5_2","Eusideroxylon zwageri","Species","C",10.5,12.1
"SimForest","T13","T13_P3","T13_P3_3","Eusideroxylon zwageri","Species","C",13.6,12.7
"SimForest","T13","T13_P4","T13_P4_1","Intsia palembanica","Species","C",9.2,11.1
"SimForest","T13","T13_P5","T13_P5_1","Macaranga gigantea","Species","C",9,10.8
"SimForest","T13","T13_P2","T13_P2_1","Mallotus paniculatus","Species","B",25.2,21.8
"SimForest","T13","T13_P3","T13_P3_2","Mallotus paniculatus","Species","C",9.3,10.9
"SimForest","T13","T13_P1","T13_P1_3","Mallotus paniculatus","Species","A",58.7,44
"SimForest","T13","T13_P2","T13_P2_1","Nephelium lappaceum","Species","C",8.6,10.1
"SimForest","T13","T13_P4","T13_P4_2","Nephelium lappaceum","Species","B",21.2,16.2
"SimForest","T13","T13_P5","T13_P5_1","Parkia speciosa","Species","A",67.8,43.1
"SimForest","T13","T13_P4","T13_P4_2","Parkia speciosa","Species","C",9.7,9.9
"SimForest","T13","T13_P5","T13_P5_3","Parkia speciosa","Species","C",6.5,9
"SimForest","T13","T13_P4","T13_P4_4","Parkia speciosa","Species","C",12.2,12.9
"SimForest","T13","T13_P2","T13_P2_5","Parkia speciosa","Species","B",19.4,18.5
"SimForest","T13","T13_P4","T13_P4_6","Parkia speciosa","Species","C",15.8,13.9
"SimForest","T13","T13_P3","T13_P3_1","Vatica rassak","Species","C",6.5,8.6
"SimForest","T13","T13_P1","T13_P1_2","Vatica rassak","Species","C",11.7,12.5
"SimForest","T13","T13_P3","T13_P3_3","Vatica rassak","Species","B",23.3,20.3
"SimForest","T13","T13_P2","T13_P2_4","Vatica rassak","Species","C",12.1,11.9
"SimForest","T13","T13_P1","T13_P1_5","Vatica rassak","Species","C",11.1,12
"SimForest","T13","T13_P2","T13_P2_6","Vatica rassak","Species","B",29.5,24.5
"SimForest","T13","T13_P3","T13_P3_7","Vatica rassak","Species","B",21.3,16
"SimForest","T13","T13_P1","T13_P1_8","Vatica rassak","Species","B",21.7,18.8
"SimForest","T13","T13_P5","T13_P5_9","Vatica rassak","Species","B",31.3,26.4
"SimForest","T14","T14_P4","T14_P4_1","Shorea leprosula","Species","C",14.3,15
"SimForest","T14","T14_P2","T14_P2_2","Shorea leprosula","Species","C",12.2,13.5
"SimForest","T14","T14_P2","T14_P2_3","Shorea leprosula","Species","A",66.6,47.5
"SimForest","T14","T14_P3","T14_P3_4","Shorea leprosula","Species","C",9.1,9.6
"SimForest","T14","T14_P5","T14_P5_5","Shorea leprosula","Species","B",21.6,19.2
"SimForest","T14","T14_P4","T14_P4_6","Shorea leprosula","Species","B",28.9,22.5
"SimForest","T14","T14_P4","T14_P4_7","Shorea leprosula","Species","C",7,9.6
"SimForest","T14","T14_P3","T14_P3_8","Shorea leprosula","Species","C",9.9,11.5
"SimForest","T14","T14_P2","T14_P2_9","Shorea leprosula","Species","C",6.1,9.2
"SimForest","T14","T14_P3","T14_P3_10","Shorea leprosula","Species","C",12.3,11.9
"SimForest","T14","T14_P2","T14_P2_11","Shorea leprosula","Species","C",9,11.1
"SimForest","T14","T14_P5","T14_P5_12","Shorea leprosula","Species","C",10,10.7
"SimForest","T14","T14_P4","T14_P4_1","Shorea parvifolia","Species","C",9.6,10.6
"SimForest","T14","T14_P2","T14_P2_2","Shorea parvifolia","Species","A",59.4,45.7
"SimForest","T14","T14_P1","T14_P1_1","Shorea acuminata","Species","C",15.4,12.7
"SimForest","T14","T14_P1","T14_P1_2","Shorea acuminata","Species","B",23.9,17.3
"SimForest","T14","T14_P4","T14_P4_3","Shorea acuminata","Species","C",14.1,12.9
"SimForest","T14","T14_P5","T14_P5_4","Shorea acuminata","Species","B",23.1,19.4
"SimForest","T14","T14_P5","T14_P5_5","Shorea acuminata","Species","A",34.2,24.9
"SimForest","T14","T14_P1","T14_P1_6","Shorea acuminata","Species","C",14.3,13
"SimForest","T14","T14_P2","T14_P2_1","Dipterocarpus alatus","Species","B",24.9,20.8
"SimForest","T14","T14_P3","T14_P3_2","Dipterocarpus alatus","Species","C",8.8,9.4
"SimForest","T14","T14_P1","T14_P1_3","Dipterocarpus alatus","Species","C",10.8,11.2
"SimForest","T14","T14_P4","T14_P4_4","Dipterocarpus alatus","Species","C",12.2,12
"SimForest","T14","T14_P2","T14_P2_1","Dipterocarpus caudatus","Species","A",68.7,41.4
"SimForest","T14","T14_P5","T14_P5_2","Dipterocarpus caudatus","Species","C",11.5,11.2
"SimForest","T14","T14_P5","T14_P5_3","Dipterocarpus caudatus","Species","A",65.7,46.2
"SimForest","T14","T14_P1","T14_P1_1","Hopea nervosa","Species","A",71.8,49.3
"SimForest","T14","T14_P1","T14_P1_1","Dryobalanops aromatica","Species","A",67.5,48
"SimForest","T14","T14_P3","T14_P3_2","Dryobalanops aromatica","Species","B",29.5,24.3
"SimForest","T14","T14_P1","T14_P1_3","Dryobalanops aromatica","Species","C",9.1,11.3
"SimForest","T14","T14_P1","T14_P1_4","Dryobalanops aromatica","Species","B",26.7,21.3
"SimForest","T14","T14_P1","T14_P1_1","Syzygium polyanthum","Species","A",71.5,49.5
"SimForest","T14","T14_P5","T14_P5_2","Syzygium polyanthum","Species","A",36.5,30.2
"SimForest","T14","T14_P5","T14_P5_3","Syzygium polyanthum","Species","C",8.9,9.5
"SimForest","T14","T14_P5","T14_P5_1","Syzygium claviflorum","Species","C",12.1,12.9
"SimForest","T14","T14_P2","T14_P2_2","Syzygium claviflorum","Species","C",6.4,9.3
"SimForest","T14","T14_P1","T14_P1_1","Dacryodes rostrata","Species","C",8.3,9.7
"SimForest","T14","T14_P4","T14_P4_2","Dacryodes rostrata","Species","C",14.7,13.8
"SimForest","T14","T14_P4","T14_P4_3","Dacryodes rostrata","Species","C",6.3,9.3
"SimForest","T14","T14_P2","T14_P2_4","Dacryodes rostrata","Species","C",7.3,8.9
"SimForest","T14","T14_P1","T14_P1_5","Dacryodes rostrata","Species","B",25.9,21.9
"SimForest","T14","T14_P5","T14_P5_6","Dacryodes rostrata","Species","A",33.9,27.6
"SimForest","T14","T14_P4","T14_P4_7","Dacryodes rostrata","Species","B",19.9,18.5
"SimForest","T14","T14_P5","T14_P5_8","Dacryodes rostrata","Species","B",27.4,21.3
"SimForest","T14","T14_P1","T14_P1_9","Dacryodes rostrata","Species","C",10.3,11.8
"SimForest","T14","T14_P3","T14_P3_1","Diospyros macrophylla","Species","C",15.8,13
"SimForest","T14","T14_P1","T14_P1_1","Ficus benjamina","Species","B",29,23.8
"SimForest","T14","T14_P1","T14_P1_2","Ficus benjamina","Species","B",18.1,16.3
"SimForest","T14","T14_P5","T14_P5_1","Ficus variegata","Species","A",61.8,42.6
"SimForest","T14","T14_P4","T14_P4_2","Ficus variegata","Species","C",11.7,13.1
"SimForest","T14","T14_P3","T14_P3_1","Durio zibethinus","Species","C",10.3,10.6
"SimForest","T14","T14_P2","T14_P2_2","Durio zibethinus","Species","B",25.5,22.8
"SimForest","T14","T14_P2","T14_P2_3","Durio zibethinus","Species","B",24.2,18
"SimForest","T14","T14_P1","T14_P1_1","Koompassia excelsa","Species","C",9.4,11.5
"SimForest","T14","T14_P5","T14_P5_2","Koompassia excelsa","Species","C",13.6,13.3
"SimForest","T14","T14_P1","T14_P1_1","Dyera costulata","Species","C",15.6,13.2
"SimForest","T14","T14_P4","T14_P4_2","Dyera costulata","Species","C",6.2,8.8
"SimForest","T14","T14_P3","T14_P3_3","Dyera costulata","Species","C",14.5,14.9
"SimForest","T14","T14_P1","T14_P1_1","Palaquium rostratum","Species","C",14,13.3
"SimForest","T14","T14_P3","T14_P3_2","Palaquium rostratum","Species","C",6.8,8.9
"SimForest","T14","T14_P2","T14_P2_3","Palaquium rostratum","Species","C",13.5,13.6
"SimForest","T14","T14_P1","T14_P1_4","Palaquium rostratum","Species","B",29.9,22.9
"SimForest","T14","T14_P2","T14_P2_5","Palaquium rostratum","Species","B",25.4,20
"SimForest","T14","T14_P3","T14_P3_1","Santiria laevigata","Species","C",8,9.8
"SimForest","T14","T14_P3","T14_P3_2","Santiria laevigata","Species","B",16.9,15
"SimForest","T14","T14_P2","T14_P2_3","Santiria laevigata","Species","A",70.1,43
"SimForest","T14","T14_P2","T14_P2_4","Santiria laevigata","Species","C",12.7,12.7
"SimForest","T14","T14_P4","T14_P4_1","Aglaia argentea","Species","C",8.7,9.8
"SimForest","T14","T14_P5","T14_P5_2","Aglaia argentea","Species","C",12.1,13
"SimForest","T14","T14_P2","T14_P2_3","Aglaia argentea","Species","C",12.5,13.5
"SimForest","T14","T14_P4","T14_P4_1","Knema laurina","Species","B",29,22.7
"SimForest","T14","T14_P4","T14_P4_2","Knema laurina","Species","C",9.8,11.6
"SimForest","T14","T14_P2","T14_P2_1","Horsfieldia irya","Species","B",18,14
"SimForest","T14","T14_P3","T14_P3_2","Horsfieldia irya","Species","C",8.5,10
"SimForest","T14","T14_P4","T14_P4_3","Horsfieldia irya","Species","C",8.1,10.2
"SimForest","T14","T14_P3","T14_P3_4","Horsfieldia irya","Species","B",31.5,25.6
"SimForest","T14","T14_P3","T14_P3_5","Horsfieldia irya","Species","C",10.1,11.3
"SimForest","T14","T14_P5","T14_P5_1","Litsea firma","Species","C",10.8,10.8
"SimForest","T14","T14_P4","T14_P4_2","Litsea firma","Species","B",25.6,19.9
"SimForest","T14","T14_P4","T14_P4_3","Litsea firma","Species","A",38.2,26.5
"SimForest","T14","T14_P3","T14_P3_4","Litsea firma","Species","B",24.1,20.6
"SimForest","T14","T14_P4","T14_P4_5","Litsea firma","Species","C",11.9,12.8
"SimForest","T14","T14_P4","T14_P4_6","Litsea firma","Species","C",12.8,11.7
"SimForest","T14","T14_P4","T14_P4_1","Baccaurea macrocarpa","Species","B",16.9,13.9
"SimForest","T14","T14_P1","T14_P1_2","Baccaurea macrocarpa","Species","C",7.9,10
"SimForest","T14","T14_P3","T14_P3_3","Baccaurea macrocarpa","Species","C",9.1,11.2
"SimForest","T14","T14_P5","T14_P5_4","Baccaurea macrocarpa","Species","C",15.8,13.8
"SimForest","T14","T14_P4","T14_P4_5","Baccaurea macrocarpa","Species","A",36.1,23.6
"SimForest","T14","T14_P4","T14_P4_1","Garcinia parvifolia","Species","B",26.2,20.1
"SimForest","T14","T14_P2","T14_P2_2","Garcinia parvifolia","Species","B",23.4,18.8
"SimForest","T14","T14_P5","T14_P5_3","Garcinia parvifolia","Species","C",12.4,11.6
"SimForest","T14","T14_P2","T14_P2_4","Garcinia parvifolia","Species","C",6.7,8.7
"SimForest","T14","T14_P3","T14_P3_5","Garcinia parvifolia","Species","C",7.1,9.6
"SimForest","T14","T14_P2","T14_P2_1","Alstonia scholaris","Species","C",14.1,13.1
"SimForest","T14","T14_P3","T14_P3_2","Alstonia scholaris","Species","B",25.1,19.2
"SimForest","T14","T14_P2","T14_P2_3","Alstonia scholaris","Species","B",22.1,19.7
"SimForest","T14","T14_P2","T14_P2_1","Calophyllum inophyllum","Species","C",11.4,11.1
"SimForest","T14","T14_P5","T14_P5_2","Calophyllum inophyllum","Species","C",6.9,9.3
"SimForest","T14","T14_P4","T14_P4_3","Calophyllum inophyllum","Species","A",34.1,24.9
"SimForest","T14","T14_P5","T14_P5_4","Calophyllum inophyllum","Species","C",15.3,13.8
"SimForest","T14","T14_P1","T14_P1_5","Calophyllum inophyllum","Species","C",11.9,11.9
"SimForest","T14","T14_P3","T14_P3_1","Elateriospermum tapos","Species","A",66.8,42.2
"SimForest","T14","T14_P1","T14_P1_2","Elateriospermum tapos","Species","C",11.9,11.4
"SimForest","T14","T14_P5","T14_P5_3","Elateriospermum tapos","Species","C",13.3,12.4
"SimForest","T14","T14_P3","T14_P3_4","Elateriospermum tapos","Species","C",10.4,11.4
"SimForest","T14","T14_P3","T14_P3_5","Elateriospermum tapos","Species","B",24.2,18.1
"SimForest","T14","T14_P3","T14_P3_6","Elateriospermum tapos","Species","C",12.1,12.9
"SimForest","T14","T14_P5","T14_P5_7","Elateriospermum tapos","Species","C",9,10.5
"SimForest","T14","T14_P1","T14_P1_1","Eusideroxylon zwageri","Species","C",11.2,10.7
"SimForest","T14","T14_P2","T14_P2_2","Eusideroxylon zwageri","Species","B",26.8,23.3
"SimForest","T14","T14_P5","T14_P5_3","Eusideroxylon zwageri","Species","B",27.4,18.9
"SimForest","T14","T14_P4","T14_P4_4","Eusideroxylon zwageri","Species","A",39.4,30.3
"SimForest","T14","T14_P4","T14_P4_5","Eusideroxylon zwageri","Species","C",7.7,10.2
"SimForest","T14","T14_P3","T14_P3_6","Eusideroxylon zwageri","Species","B",28.7,19.4
"SimForest","T14","T14_P1","T14_P1_7","Eusideroxylon zwageri","Species","C",14,14
"SimForest","T14","T14_P4","T14_P4_8","Eusideroxylon zwageri","Species","C",15.7,15.9
"SimForest","T14","T14_P2","T14_P2_1","Intsia palembanica","Species","B",27.1,21.3
"SimForest","T14","T14_P1","T14_P1_2","Intsia palembanica","Species","B",21.9,16.8
"SimForest","T14","T14_P4","T14_P4_3","Intsia palembanica","Species","C",15.3,15.6
"SimForest","T14","T14_P5","T14_P5_1","Macaranga gigantea","Species","C",9.5,11.3
"SimForest","T14","T14_P2","T14_P2_2","Macaranga gigantea","Species","C",12.3,11.3
"SimForest","T14","T14_P3","T14_P3_3","Macaranga gigantea","Species","B",18.5,17.2
"SimForest","T14","T14_P2","T14_P2_4","Macaranga gigantea","Species","C",13.6,12
"SimForest","T14","T14_P4","T14_P4_1","Mallotus paniculatus","Species","B",31.8,21
"SimForest","T14","T14_P2","T14_P2_2","Mallotus paniculatus","Species","C",10.9,11.5
"SimForest","T14","T14_P5","T14_P5_3","Mallotus paniculatus","Species","C",13.3,13.5
"SimForest","T14","T14_P2","T14_P2_4","Mallotus paniculatus","Species","B",27.3,23.2
"SimForest","T14","T14_P1","T14_P1_5","Mallotus paniculatus","Species","C",9.8,10.7
"SimForest","T14","T14_P1","T14_P1_6","Mallotus paniculatus","Species","A",33.1,27.9
"SimForest","T14","T14_P3","T14_P3_1","Nephelium lappaceum","Species","C",11.9,11.8
"SimForest","T14","T14_P3","T14_P3_2","Nephelium lappaceum","Species","C",9.3,10.2
"SimForest","T14","T14_P5","T14_P5_3","Nephelium lappaceum","Species","B",22.3,17.4
"SimForest","T14","T14_P1","T14_P1_4","Nephelium lappaceum","Species","A",44.3,28.9
"SimForest","T14","T14_P3","T14_P3_5","Nephelium lappaceum","Species","B",23.9,17.3
"SimForest","T14","T14_P2","T14_P2_1","Parkia speciosa","Species","B",19.9,18.1
"SimForest","T14","T14_P5","T14_P5_2","Parkia speciosa","Species","C",15.5,15.2
"SimForest","T14","T14_P2","T14_P2_3","Parkia speciosa","Species","B",31,22.5
"SimForest","T14","T14_P1","T14_P1_1","Vatica rassak","Species","B",21,18.1
"SimForest","T14","T14_P5","T14_P5_2","Vatica rassak","Species","A",43.7,34.2
"SimForest","T14","T14_P5","T14_P5_3","Vatica rassak","Species","B",29.3,22.8
"SimForest","T14","T14_P3","T14_P3_4","Vatica rassak","Species","A",37.3,23.9
"SimForest","T14","T14_P3","T14_P3_5","Vatica rassak","Species","B",29.9,25.7
"SimForest","T14","T14_P5","T14_P5_6","Vatica rassak","Species","A",38.3,29.4
"SimForest","T15","T15_P2","T15_P2_1","Shorea leprosula","Species","C",12.4,13.4
"SimForest","T15","T15_P1","T15_P1_2","Shorea leprosula","Species","C",8.3,10.5
"SimForest","T15","T15_P2","T15_P2_3","Shorea leprosula","Species","C",7.2,9.4
"SimForest","T15","T15_P2","T15_P2_4","Shorea leprosula","Species","C",14.9,13.4
"SimForest","T15","T15_P1","T15_P1_5","Shorea leprosula","Species","B",27.9,20.6
"SimForest","T15","T15_P2","T15_P2_1","Shorea parvifolia","Species","C",8.7,9.5
"SimForest","T15","T15_P4","T15_P4_2","Shorea parvifolia","Species","C",9.5,10.7
"SimForest","T15","T15_P1","T15_P1_1","Shorea acuminata","Species","C",10.9,12.3
"SimForest","T15","T15_P4","T15_P4_2","Shorea acuminata","Species","A",37.1,26.1
"SimForest","T15","T15_P1","T15_P1_3","Shorea acuminata","Species","B",18.1,17.1
"SimForest","T15","T15_P4","T15_P4_4","Shorea acuminata","Species","C",8.4,9.6
"SimForest","T15","T15_P3","T15_P3_5","Shorea acuminata","Species","C",12.1,13
"SimForest","T15","T15_P5","T15_P5_6","Shorea acuminata","Species","A",36.2,26.3
"SimForest","T15","T15_P4","T15_P4_7","Shorea acuminata","Species","C",7.8,10.4
"SimForest","T15","T15_P2","T15_P2_8","Shorea acuminata","Species","B",26.6,20.8
"SimForest","T15","T15_P3","T15_P3_9","Shorea acuminata","Species","C",10.5,11.4
"SimForest","T15","T15_P3","T15_P3_10","Shorea acuminata","Species","C",15.6,13.3
"SimForest","T15","T15_P2","T15_P2_11","Shorea acuminata","Species","C",12.1,13.1
"SimForest","T15","T15_P1","T15_P1_1","Dipterocarpus alatus","Species","C",11.7,11.3
"SimForest","T15","T15_P4","T15_P4_1","Dipterocarpus caudatus","Species","C",7.9,10.3
"SimForest","T15","T15_P5","T15_P5_2","Dipterocarpus caudatus","Species","C",15.2,15
"SimForest","T15","T15_P4","T15_P4_3","Dipterocarpus caudatus","Species","B",29.7,23.9
"SimForest","T15","T15_P4","T15_P4_4","Dipterocarpus caudatus","Species","B",26.8,21.8
"SimForest","T15","T15_P4","T15_P4_5","Dipterocarpus caudatus","Species","C",10.2,10.1
"SimForest","T15","T15_P1","T15_P1_6","Dipterocarpus caudatus","Species","C",7,9.7
"SimForest","T15","T15_P5","T15_P5_1","Hopea nervosa","Species","B",25.9,23.1
"SimForest","T15","T15_P4","T15_P4_2","Hopea nervosa","Species","C",10.7,12.4
"SimForest","T15","T15_P5","T15_P5_3","Hopea nervosa","Species","C",7.9,10.5
"SimForest","T15","T15_P2","T15_P2_1","Dryobalanops aromatica","Species","C",7.2,8.9
"SimForest","T15","T15_P3","T15_P3_2","Dryobalanops aromatica","Species","B",22.4,20.4
"SimForest","T15","T15_P2","T15_P2_3","Dryobalanops aromatica","Species","A",54.3,39.6
"SimForest","T15","T15_P1","T15_P1_4","Dryobalanops aromatica","Species","A",64.2,40.1
"SimForest","T15","T15_P1","T15_P1_5","Dryobalanops aromatica","Species","B",20.1,16.5
"SimForest","T15","T15_P4","T15_P4_6","Dryobalanops aromatica","Species","B",28.1,22.4
"SimForest","T15","T15_P3","T15_P3_7","Dryobalanops aromatica","Species","B",27.7,24
"SimForest","T15","T15_P5","T15_P5_1","Syzygium polyanthum","Species","C",11.1,11.9
"SimForest","T15","T15_P3","T15_P3_2","Syzygium polyanthum","Species","C",14.2,13.7
"SimForest","T15","T15_P2","T15_P2_3","Syzygium polyanthum","Species","A",73.3,46.5
"SimForest","T15","T15_P5","T15_P5_4","Syzygium polyanthum","Species","C",14.2,12.7
"SimForest","T15","T15_P3","T15_P3_5","Syzygium polyanthum","Species","A",69.2,41.1
"SimForest","T15","T15_P5","T15_P5_6","Syzygium polyanthum","Species","C",9.1,11.3
"SimForest","T15","T15_P2","T15_P2_1","Syzygium claviflorum","Species","C",9.6,11.3
"SimForest","T15","T15_P3","T15_P3_2","Syzygium claviflorum","Species","C",14.4,12.9
"SimForest","T15","T15_P2","T15_P2_3","Syzygium claviflorum","Species","C",12.1,13.2
"SimForest","T15","T15_P2","T15_P2_4","Syzygium claviflorum","Species","A",49.1,37.5
"SimForest","T15","T15_P4","T15_P4_5","Syzygium claviflorum","Species","C",16.1,15.7
"SimForest","T15","T15_P5","T15_P5_1","Dacryodes rostrata","Species","B",32.3,23
"SimForest","T15","T15_P3","T15_P3_2","Dacryodes rostrata","Species","C",8.6,10.5
"SimForest","T15","T15_P3","T15_P3_3","Dacryodes rostrata","Species","A",61.6,39.6
"SimForest","T15","T15_P2","T15_P2_4","Dacryodes rostrata","Species","B",27.9,20.6
"SimForest","T15","T15_P3","T15_P3_1","Diospyros macrophylla","Species","B",32,24.4
"SimForest","T15","T15_P1","T15_P1_2","Diospyros macrophylla","Species","B",24.8,17.9
"SimForest","T15","T15_P3","T15_P3_1","Ficus benjamina","Species","C",12.4,11.7
"SimForest","T15","T15_P3","T15_P3_2","Ficus benjamina","Species","B",32.4,27
"SimForest","T15","T15_P2","T15_P2_1","Ficus variegata","Species","A",66.6,49.4
"SimForest","T15","T15_P5","T15_P5_2","Ficus variegata","Species","B",29.9,20
"SimForest","T15","T15_P1","T15_P1_3","Ficus variegata","Species","C",7.1,9.7
"SimForest","T15","T15_P4","T15_P4_1","Artocarpus elasticus","Species","C",14.8,15.4
"SimForest","T15","T15_P3","T15_P3_2","Artocarpus elasticus","Species","C",8.7,10.5
"SimForest","T15","T15_P4","T15_P4_3","Artocarpus elasticus","Species","C",13.3,12.3
"SimForest","T15","T15_P2","T15_P2_1","Durio zibethinus","Species","C",13.5,12.8
"SimForest","T15","T15_P5","T15_P5_2","Durio zibethinus","Species","B",18,15.7
"SimForest","T15","T15_P2","T15_P2_3","Durio zibethinus","Species","A",36.5,23.5
"SimForest","T15","T15_P4","T15_P4_1","Koompassia excelsa","Species","C",8.9,9.8
"SimForest","T15","T15_P4","T15_P4_2","Koompassia excelsa","Species","B",17.8,16.1
"SimForest","T15","T15_P1","T15_P1_3","Koompassia excelsa","Species","C",8.9,10.5
"SimForest","T15","T15_P2","T15_P2_4","Koompassia excelsa","Species","C",7.4,9.5
"SimForest","T15","T15_P4","T15_P4_5","Koompassia excelsa","Species","C",15.2,13
"SimForest","T15","T15_P5","T15_P5_6","Koompassia excelsa","Species","C",15.4,15.4
"SimForest","T15","T15_P1","T15_P1_1","Dyera costulata","Species","C",15,15.3
"SimForest","T15","T15_P1","T15_P1_2","Dyera costulata","Species","B",23.3,17.7
"SimForest","T15","T15_P5","T15_P5_3","Dyera costulata","Species","C",9.9,11.4
"SimForest","T15","T15_P4","T15_P4_4","Dyera costulata","Species","B",31.7,21.6
"SimForest","T15","T15_P3","T15_P3_5","Dyera costulata","Species","B",24.1,19.4
"SimForest","T15","T15_P1","T15_P1_6","Dyera costulata","Species","A",58.4,44.6
"SimForest","T15","T15_P3","T15_P3_7","Dyera costulata","Species","A",45,31.1
"SimForest","T15","T15_P5","T15_P5_8","Dyera costulata","Species","C",7.9,9.2
"SimForest","T15","T15_P3","T15_P3_1","Palaquium rostratum","Species","C",6.6,8.6
"SimForest","T15","T15_P1","T15_P1_2","Palaquium rostratum","Species","A",52.5,31.5
"SimForest","T15","T15_P3","T15_P3_1","Santiria laevigata","Species","B",21.8,18.9
"SimForest","T15","T15_P4","T15_P4_2","Santiria laevigata","Species","C",15.9,13.1
"SimForest","T15","T15_P4","T15_P4_3","Santiria laevigata","Species","A",63.8,48.1
"SimForest","T15","T15_P5","T15_P5_4","Santiria laevigata","Species","A",54.1,39.6
"SimForest","T15","T15_P5","T15_P5_5","Santiria laevigata","Species","C",6.8,8.4
"SimForest","T15","T15_P1","T15_P1_1","Aglaia argentea","Species","C",7.9,9.2
"SimForest","T15","T15_P5","T15_P5_2","Aglaia argentea","Species","A",46,33.2
"SimForest","T15","T15_P3","T15_P3_1","Knema laurina","Species","C",12.2,11.5
"SimForest","T15","T15_P1","T15_P1_2","Knema laurina","Species","A",49.2,35.7
"SimForest","T15","T15_P4","T15_P4_3","Knema laurina","Species","B",30.3,23.8
"SimForest","T15","T15_P2","T15_P2_4","Knema laurina","Species","C",12.8,13.5
"SimForest","T15","T15_P1","T15_P1_1","Horsfieldia irya","Species","B",29.1,21.7
"SimForest","T15","T15_P1","T15_P1_2","Horsfieldia irya","Species","C",16,14.8
"SimForest","T15","T15_P5","T15_P5_3","Horsfieldia irya","Species","B",19.9,18.5
"SimForest","T15","T15_P2","T15_P2_4","Horsfieldia irya","Species","C",6.6,9.5
"SimForest","T15","T15_P3","T15_P3_5","Horsfieldia irya","Species","A",47.9,29.1
"SimForest","T15","T15_P1","T15_P1_6","Horsfieldia irya","Species","A",64.3,43.9
"SimForest","T15","T15_P4","T15_P4_7","Horsfieldia irya","Species","B",25,22.4
"SimForest","T15","T15_P1","T15_P1_8","Horsfieldia irya","Species","C",15.1,13.8
"SimForest","T15","T15_P5","T15_P5_9","Horsfieldia irya","Species","A",37.3,25.2
"SimForest","T15","T15_P1","T15_P1_10","Horsfieldia irya","Species","B",21.6,18.8
"SimForest","T15","T15_P3","T15_P3_1","Litsea firma","Species","C",15.2,13.4
"SimForest","T15","T15_P5","T15_P5_2","Litsea firma","Species","C",13.8,12.5
"SimForest","T15","T15_P1","T15_P1_3","Litsea firma","Species","C",12.4,13.6
"SimForest","T15","T15_P1","T15_P1_4","Litsea firma","Species","C",14.1,14.1
"SimForest","T15","T15_P5","T15_P5_5","Litsea firma","Species","B",25.6,20.8
"SimForest","T15","T15_P2","T15_P2_6","Litsea firma","Species","B",32.2,26.7
"SimForest","T15","T15_P3","T15_P3_7","Litsea firma","Species","B",19.8,18.2
"SimForest","T15","T15_P3","T15_P3_8","Litsea firma","Species","B",31.6,27
"SimForest","T15","T15_P2","T15_P2_9","Litsea firma","Species","C",15.5,14.4
"SimForest","T15","T15_P1","T15_P1_1","Baccaurea macrocarpa","Species","C",15.7,13.3
"SimForest","T15","T15_P3","T15_P3_2","Baccaurea macrocarpa","Species","A",63.6,38.1
"SimForest","T15","T15_P5","T15_P5_3","Baccaurea macrocarpa","Species","A",50.7,30.6
"SimForest","T15","T15_P4","T15_P4_4","Baccaurea macrocarpa","Species","B",31,21.9
"SimForest","T15","T15_P4","T15_P4_5","Baccaurea macrocarpa","Species","C",13.6,13.2
"SimForest","T15","T15_P5","T15_P5_1","Garcinia parvifolia","Species","C",14.4,13.6
"SimForest","T15","T15_P2","T15_P2_2","Garcinia parvifolia","Species","C",9.6,10.7
"SimForest","T15","T15_P5","T15_P5_3","Garcinia parvifolia","Species","C",14.6,12.9
"SimForest","T15","T15_P2","T15_P2_4","Garcinia parvifolia","Species","C",9.6,11.7
"SimForest","T15","T15_P3","T15_P3_1","Alstonia scholaris","Species","C",8.2,10.6
"SimForest","T15","T15_P5","T15_P5_2","Alstonia scholaris","Species","A",43.1,30.5
"SimForest","T15","T15_P1","T15_P1_3","Alstonia scholaris","Species","A",57.6,42.6
"SimForest","T15","T15_P3","T15_P3_1","Calophyllum inophyllum","Species","B",23.5,19.3
"SimForest","T15","T15_P3","T15_P3_2","Calophyllum inophyllum","Species","C",14.3,13
"SimForest","T15","T15_P4","T15_P4_3","Calophyllum inophyllum","Species","C",10.4,11
"SimForest","T15","T15_P1","T15_P1_4","Calophyllum inophyllum","Species","C",14,13.2
"SimForest","T15","T15_P1","T15_P1_5","Calophyllum inophyllum","Species","C",15.7,13.6
"SimForest","T15","T15_P1","T15_P1_6","Calophyllum inophyllum","Species","B",32.2,26.6
"SimForest","T15","T15_P1","T15_P1_1","Elateriospermum tapos","Species","C",8.2,9.2
"SimForest","T15","T15_P2","T15_P2_2","Elateriospermum tapos","Species","A",74.1,45.9
"SimForest","T15","T15_P5","T15_P5_3","Elateriospermum tapos","Species","C",9.9,11.7
"SimForest","T15","T15_P1","T15_P1_4","Elateriospermum tapos","Species","C",10.7,11.5
"SimForest","T15","T15_P4","T15_P4_5","Elateriospermum tapos","Species","C",14.3,13.3
"SimForest","T15","T15_P2","T15_P2_6","Elateriospermum tapos","Species","C",12.9,12.7
"SimForest","T15","T15_P1","T15_P1_7","Elateriospermum tapos","Species","C",15.6,14
"SimForest","T15","T15_P1","T15_P1_8","Elateriospermum tapos","Species","C",11.7,13
"SimForest","T15","T15_P3","T15_P3_9","Elateriospermum tapos","Species","C",15.5,14.3
"SimForest","T15","T15_P5","T15_P5_1","Eusideroxylon zwageri","Species","B",25.1,17.7
"SimForest","T15","T15_P5","T15_P5_2","Eusideroxylon zwageri","Species","B",26.7,19.6
"SimForest","T15","T15_P1","T15_P1_3","Eusideroxylon zwageri","Species","C",8.1,9.1
"SimForest","T15","T15_P5","T15_P5_4","Eusideroxylon zwageri","Species","B",24.8,21.7
"SimForest","T15","T15_P5","T15_P5_5","Eusideroxylon zwageri","Species","C",15.6,15.3
"SimForest","T15","T15_P3","T15_P3_1","Intsia palembanica","Species","A",52.3,35.7
"SimForest","T15","T15_P2","T15_P2_2","Intsia palembanica","Species","C",16.2,13.5
"SimForest","T15","T15_P4","T15_P4_3","Intsia palembanica","Species","A",36.8,30.2
"SimForest","T15","T15_P5","T15_P5_4","Intsia palembanica","Species","B",22,18.9
"SimForest","T15","T15_P5","T15_P5_5","Intsia palembanica","Species","C",8.7,10.6
"SimForest","T15","T15_P4","T15_P4_1","Macaranga gigantea","Species","C",14.1,14.5
"SimForest","T15","T15_P4","T15_P4_2","Macaranga gigantea","Species","B",19.6,15
"SimForest","T15","T15_P5","T15_P5_3","Macaranga gigantea","Species","C",7.8,9.4
"SimForest","T15","T15_P1","T15_P1_4","Macaranga gigantea","Species","C",8.6,10.7
"SimForest","T15","T15_P2","T15_P2_5","Macaranga gigantea","Species","A",63.6,41.2
"SimForest","T15","T15_P3","T15_P3_6","Macaranga gigantea","Species","B",25.8,21.4
"SimForest","T15","T15_P4","T15_P4_7","Macaranga gigantea","Species","B",27.2,23.1
"SimForest","T15","T15_P3","T15_P3_8","Macaranga gigantea","Species","A",38.3,28.1
"SimForest","T15","T15_P1","T15_P1_9","Macaranga gigantea","Species","B",26.5,20.7
"SimForest","T15","T15_P2","T15_P2_10","Macaranga gigantea","Species","C",8.2,9.8
"SimForest","T15","T15_P4","T15_P4_1","Mallotus paniculatus","Species","A",49,31.4
"SimForest","T15","T15_P1","T15_P1_2","Mallotus paniculatus","Species","B",29,24.6
"SimForest","T15","T15_P5","T15_P5_3","Mallotus paniculatus","Species","C",13.7,12.5
"SimForest","T15","T15_P3","T15_P3_4","Mallotus paniculatus","Species","B",19,16.2
"SimForest","T15","T15_P1","T15_P1_5","Mallotus paniculatus","Species","C",15.2,12.7
"SimForest","T15","T15_P4","T15_P4_6","Mallotus paniculatus","Species","C",8.2,9.7
"SimForest","T15","T15_P3","T15_P3_7","Mallotus paniculatus","Species","C",9.3,10.6
"SimForest","T15","T15_P5","T15_P5_1","Nephelium lappaceum","Species","B",28.8,22.5
"SimForest","T15","T15_P1","T15_P1_2","Nephelium lappaceum","Species","A",42.2,30.8
"SimForest","T15","T15_P4","T15_P4_1","Parkia speciosa","Species","C",7.3,8.8
"SimForest","T15","T15_P1","T15_P1_2","Parkia speciosa","Species","C",9.1,10.3
"SimForest","T15","T15_P1","T15_P1_1","Vatica rassak","Species","C",10,11.9
"SimForest","T15","T15_P5","T15_P5_2","Vatica rassak","Species","C",7.5,9.9
"SimForest","T15","T15_P2","T15_P2_3","Vatica rassak","Species","C",14.3,13.5
"SimForest","T15","T15_P2","T15_P2_4","Vatica rassak","Species","B",27.9,19.2
"SimForest","T15","T15_P2","T15_P2_5","Vatica rassak","Species","C",6.6,8.6
"SimForest","T15","T15_P5","T15_P5_6","Vatica rassak","Species","C",6.4,9.3
"SimForest","T15","T15_P1","T15_P1_7","Vatica rassak","Species","B",22.6,17
"SimForest","T15","T15_P1","T15_P1_8","Vatica rassak","Species","C",15.9,14.6
"SimForest","T15","T15_P2","T15_P2_9","Vatica rassak","Species","C",6.8,8.6
"SimForest","T16","T16_P1","T16_P1_1","Shorea leprosula","Species","C",9.2,10.2
"SimForest","T16","T16_P5","T16_P5_2","Shorea leprosula","Species","B",30.1,21.7
"SimForest","T16","T16_P2","T16_P2_3","Shorea leprosula","Species","C",6.8,9
"SimForest","T16","T16_P2","T16_P2_4","Shorea leprosula","Species","B",20.4,18.8
"SimForest","T16","T16_P3","T16_P3_1","Shorea acuminata","Species","C",7.5,9.6
"SimForest","T16","T16_P3","T16_P3_2","Shorea acuminata","Species","C",14.1,13.1
"SimForest","T16","T16_P4","T16_P4_1","Dipterocarpus alatus","Species","C",6.4,9.2
"SimForest","T16","T16_P2","T16_P2_1","Dipterocarpus caudatus","Species","B",19,17.3
"SimForest","T16","T16_P2","T16_P2_1","Hopea nervosa","Species","C",14.4,12.2
"SimForest","T16","T16_P1","T16_P1_2","Hopea nervosa","Species","C",13.8,12.8
"SimForest","T16","T16_P3","T16_P3_3","Hopea nervosa","Species","C",8.7,9.8
"SimForest","T16","T16_P5","T16_P5_1","Dryobalanops aromatica","Species","C",13.6,14.2
"SimForest","T16","T16_P5","T16_P5_2","Dryobalanops aromatica","Species","B",24,18.5
"SimForest","T16","T16_P1","T16_P1_3","Dryobalanops aromatica","Species","C",10.8,10.5
"SimForest","T16","T16_P5","T16_P5_4","Dryobalanops aromatica","Species","A",31.6,26.8
"SimForest","T16","T16_P5","T16_P5_1","Dacryodes rostrata","Species","B",25,20.9
"SimForest","T16","T16_P3","T16_P3_2","Dacryodes rostrata","Species","B",17.6,16.2
"SimForest","T16","T16_P3","T16_P3_3","Dacryodes rostrata","Species","A",60.9,44.8
"SimForest","T16","T16_P2","T16_P2_4","Dacryodes rostrata","Species","C",8.3,10.7
"SimForest","T16","T16_P4","T16_P4_1","Diospyros macrophylla","Species","C",13.9,13.6
"SimForest","T16","T16_P2","T16_P2_2","Diospyros macrophylla","Species","C",11.3,10.9
"SimForest","T16","T16_P5","T16_P5_1","Ficus variegata","Species","C",12.2,12.4
"SimForest","T16","T16_P3","T16_P3_1","Artocarpus elasticus","Species","B",21.6,15.9
"SimForest","T16","T16_P2","T16_P2_1","Durio zibethinus","Species","C",7.5,10.1
"SimForest","T16","T16_P2","T16_P2_1","Koompassia excelsa","Species","B",27.7,23.7
"SimForest","T16","T16_P3","T16_P3_2","Koompassia excelsa","Species","C",13,13.5
"SimForest","T16","T16_P1","T16_P1_1","Dyera costulata","Species","C",5.8,7.9
"SimForest","T16","T16_P5","T16_P5_2","Dyera costulata","Species","B",20.7,16
"SimForest","T16","T16_P3","T16_P3_1","Palaquium rostratum","Species","A",39.8,28
"SimForest","T16","T16_P4","T16_P4_1","Santiria laevigata","Species","B",16.8,14.5
"SimForest","T16","T16_P3","T16_P3_2","Santiria laevigata","Species","C",5.9,8.8
"SimForest","T16","T16_P4","T16_P4_3","Santiria laevigata","Species","B",18.6,17.9
"SimForest","T16","T16_P4","T16_P4_1","Knema laurina","Species","B",21.3,17.8
"SimForest","T16","T16_P4","T16_P4_2","Knema laurina","Species","C",11.3,12
"SimForest","T16","T16_P3","T16_P3_3","Knema laurina","Species","B",28.5,23.3
"SimForest","T16","T16_P3","T16_P3_4","Knema laurina","Species","B",27.6,21.7
"SimForest","T16","T16_P2","T16_P2_5","Knema laurina","Species","B",19.7,17
"SimForest","T16","T16_P4","T16_P4_1","Horsfieldia irya","Species","A",41.4,27.9
"SimForest","T16","T16_P3","T16_P3_1","Litsea firma","Species","C",9.3,11.2
"SimForest","T16","T16_P3","T16_P3_2","Litsea firma","Species","C",6.4,9.2
"SimForest","T16","T16_P4","T16_P4_1","Baccaurea macrocarpa","Species","C",7.9,9.5
"SimForest","T16","T16_P4","T16_P4_2","Baccaurea macrocarpa","Species","A",64.4,48
"SimForest","T16","T16_P2","T16_P2_1","Calophyllum inophyllum","Species","B",15.8,14.1
"SimForest","T16","T16_P5","T16_P5_2","Calophyllum inophyllum","Species","C",10.6,12.3
"SimForest","T16","T16_P2","T16_P2_3","Calophyllum inophyllum","Species","B",16.9,15.7
"SimForest","T16","T16_P5","T16_P5_1","Eusideroxylon zwageri","Species","A",32.5,27.6
"SimForest","T16","T16_P3","T16_P3_2","Eusideroxylon zwageri","Species","A",65.8,39.1
"SimForest","T16","T16_P4","T16_P4_3","Eusideroxylon zwageri","Species","A",37.2,24.3
"SimForest","T16","T16_P5","T16_P5_1","Macaranga gigantea","Species","C",11.6,10.8
"SimForest","T16","T16_P2","T16_P2_1","Mallotus paniculatus","Species","B",28.9,22.1
"SimForest","T16","T16_P5","T16_P5_2","Mallotus paniculatus","Species","C",8.2,10.1
"SimForest","T16","T16_P1","T16_P1_3","Mallotus paniculatus","Species","C",9.4,9.9
"SimForest","T16","T16_P3","T16_P3_1","Nephelium lappaceum","Species","B",16,14
"SimForest","T16","T16_P5","T16_P5_2","Nephelium lappaceum","Species","B",23.5,17
"SimForest","T16","T16_P5","T16_P5_1","Parkia speciosa","Species","C",8.6,10.9
"SimForest","T16","T16_P2","T16_P2_2","Parkia speciosa","Species","C",12.2,12.2
"SimForest","T16","T16_P2","T16_P2_1","Vatica rassak","Species","C",9.6,11
"SimForest","T16","T16_P3","T16_P3_2","Vatica rassak","Species","B",24.2,18.5
"SimForest","T16","T16_P1","T16_P1_3","Vatica rassak","Species","B",17.7,14.2
"SimForest","T16","T16_P5","T16_P5_4","Vatica rassak","Species","B",26.3,20.4
"SimForest","T17","T17_P5","T17_P5_1","Shorea leprosula","Species","C",6.4,9.3
"SimForest","T17","T17_P1","T17_P1_2","Shorea leprosula","Species","C",14.7,15
"SimForest","T17","T17_P1","T17_P1_3","Shorea leprosula","Species","C",9.1,11.3
"SimForest","T17","T17_P1","T17_P1_4","Shorea leprosula","Species","B",29.7,25.7
"SimForest","T17","T17_P4","T17_P4_5","Shorea leprosula","Species","C",7.4,9.7
"SimForest","T17","T17_P5","T17_P5_1","Shorea acuminata","Species","C",8.7,10.2
"SimForest","T17","T17_P2","T17_P2_1","Dipterocarpus alatus","Species","B",21.2,18.8
"SimForest","T17","T17_P1","T17_P1_2","Dipterocarpus alatus","Species","A",33.2,25
"SimForest","T17","T17_P1","T17_P1_3","Dipterocarpus alatus","Species","B",18,17.6
"SimForest","T17","T17_P5","T17_P5_1","Dipterocarpus caudatus","Species","A",56.7,44.3
"SimForest","T17","T17_P2","T17_P2_2","Dipterocarpus caudatus","Species","C",8.6,9.4
"SimForest","T17","T17_P3","T17_P3_1","Hopea nervosa","Species","A",62,36.9
"SimForest","T17","T17_P4","T17_P4_2","Hopea nervosa","Species","B",20.5,16.7
"SimForest","T17","T17_P2","T17_P2_1","Dryobalanops aromatica","Species","A",34.8,24.6
"SimForest","T17","T17_P5","T17_P5_2","Dryobalanops aromatica","Species","C",9.6,10
"SimForest","T17","T17_P5","T17_P5_3","Dryobalanops aromatica","Species","B",22,18.4
"SimForest","T17","T17_P3","T17_P3_4","Dryobalanops aromatica","Species","C",14.4,12.4
"SimForest","T17","T17_P3","T17_P3_5","Dryobalanops aromatica","Species","B",25.6,19.1
"SimForest","T17","T17_P1","T17_P1_1","Syzygium polyanthum","Species","C",15.4,12.7
"SimForest","T17","T17_P1","T17_P1_2","Syzygium polyanthum","Species","C",12.7,11.5
"SimForest","T17","T17_P2","T17_P2_3","Syzygium polyanthum","Species","C",8.7,9.7
"SimForest","T17","T17_P2","T17_P2_4","Syzygium polyanthum","Species","B",17.5,15.2
"SimForest","T17","T17_P2","T17_P2_5","Syzygium polyanthum","Species","C",12.9,13.9
"SimForest","T17","T17_P2","T17_P2_6","Syzygium polyanthum","Species","C",12.3,11.2
"SimForest","T17","T17_P5","T17_P5_7","Syzygium polyanthum","Species","B",27.6,21.1
"SimForest","T17","T17_P5","T17_P5_8","Syzygium polyanthum","Species","C",9.2,10
"SimForest","T17","T17_P1","T17_P1_1","Syzygium claviflorum","Species","C",9.7,11.7
"SimForest","T17","T17_P1","T17_P1_1","Dacryodes rostrata","Species","C",8,9.3
"SimForest","T17","T17_P3","T17_P3_2","Dacryodes rostrata","Species","B",27.7,21.3
"SimForest","T17","T17_P4","T17_P4_3","Dacryodes rostrata","Species","C",10.1,11
"SimForest","T17","T17_P5","T17_P5_4","Dacryodes rostrata","Species","C",10.8,10.7
"SimForest","T17","T17_P5","T17_P5_5","Dacryodes rostrata","Species","C",10.2,10.6
"SimForest","T17","T17_P5","T17_P5_6","Dacryodes rostrata","Species","B",19.4,18.3
"SimForest","T17","T17_P3","T17_P3_1","Diospyros macrophylla","Species","B",30.8,23.3
"SimForest","T17","T17_P2","T17_P2_1","Artocarpus elasticus","Species","A",42,33.4
"SimForest","T17","T17_P4","T17_P4_1","Durio zibethinus","Species","B",29.7,24.4
"SimForest","T17","T17_P4","T17_P4_2","Durio zibethinus","Species","B",22.6,20.6
"SimForest","T17","T17_P4","T17_P4_1","Koompassia excelsa","Species","C",15.4,13.1
"SimForest","T17","T17_P3","T17_P3_2","Koompassia excelsa","Species","C",9.8,11.2
"SimForest","T17","T17_P3","T17_P3_1","Dyera costulata","Species","C",11.1,12.6
"SimForest","T17","T17_P3","T17_P3_1","Palaquium rostratum","Species","A",61.7,47.5
"SimForest","T17","T17_P2","T17_P2_2","Palaquium rostratum","Species","C",12.1,12.8
"SimForest","T17","T17_P4","T17_P4_3","Palaquium rostratum","Species","A",53,40.6
"SimForest","T17","T17_P2","T17_P2_4","Palaquium rostratum","Species","C",14.8,13.8
"SimForest","T17","T17_P1","T17_P1_5","Palaquium rostratum","Species","C",11.4,12.7
"SimForest","T17","T17_P2","T17_P2_1","Santiria laevigata","Species","C",10.4,10.7
"SimForest","T17","T17_P1","T17_P1_2","Santiria laevigata","Species","C",14.9,13.3
"SimForest","T17","T17_P1","T17_P1_3","Santiria laevigata","Species","A",69.5,51.6
"SimForest","T17","T17_P1","T17_P1_4","Santiria laevigata","Species","C",13.9,13.5
"SimForest","T17","T17_P2","T17_P2_1","Knema laurina","Species","C",8.7,10.2
"SimForest","T17","T17_P3","T17_P3_2","Knema laurina","Species","C",9.8,10
"SimForest","T17","T17_P5","T17_P5_3","Knema laurina","Species","A",47.2,33.9
"SimForest","T17","T17_P5","T17_P5_4","Knema laurina","Species","C",7.1,9.4
"SimForest","T17","T17_P3","T17_P3_1","Horsfieldia irya","Species","A",65,43.7
"SimForest","T17","T17_P1","T17_P1_1","Litsea firma","Species","C",8.4,10.6
"SimForest","T17","T17_P5","T17_P5_2","Litsea firma","Species","C",8.1,9.1
"SimForest","T17","T17_P3","T17_P3_3","Litsea firma","Species","C",9.5,10.1
"SimForest","T17","T17_P2","T17_P2_4","Litsea firma","Species","B",20,18.3
"SimForest","T17","T17_P2","T17_P2_5","Litsea firma","Species","C",9.8,10.5
"SimForest","T17","T17_P3","T17_P3_6","Litsea firma","Species","B",21.4,17.2
"SimForest","T17","T17_P2","T17_P2_1","Baccaurea macrocarpa","Species","C",6.6,8.6
"SimForest","T17","T17_P5","T17_P5_2","Baccaurea macrocarpa","Species","B",30.1,24.6
"SimForest","T17","T17_P1","T17_P1_3","Baccaurea macrocarpa","Species","C",8.7,10.2
"SimForest","T17","T17_P3","T17_P3_4","Baccaurea macrocarpa","Species","C",11.9,11.7
"SimForest","T17","T17_P3","T17_P3_5","Baccaurea macrocarpa","Species","C",6.6,8.5
"SimForest","T17","T17_P5","T17_P5_1","Garcinia parvifolia","Species","A",48.9,33.3
"SimForest","T17","T17_P5","T17_P5_2","Garcinia parvifolia","Species","C",9.3,9.8
"SimForest","T17","T17_P2","T17_P2_3","Garcinia parvifolia","Species","C",8.9,9.9
"SimForest","T17","T17_P1","T17_P1_1","Alstonia scholaris","Species","C",13.1,13.2
"SimForest","T17","T17_P1","T17_P1_2","Alstonia scholaris","Species","A",71.3,49.3
"SimForest","T17","T17_P4","T17_P4_1","Calophyllum inophyllum","Species","C",9.3,10.5
"SimForest","T17","T17_P5","T17_P5_2","Calophyllum inophyllum","Species","A",42.9,32.9
"SimForest","T17","T17_P5","T17_P5_3","Calophyllum inophyllum","Species","C",9.9,10.8
"SimForest","T17","T17_P5","T17_P5_4","Calophyllum inophyllum","Species","B",24,19.6
"SimForest","T17","T17_P1","T17_P1_1","Elateriospermum tapos","Species","C",13.6,13.6
"SimForest","T17","T17_P1","T17_P1_2","Elateriospermum tapos","Species","A",64.5,42.3
"SimForest","T17","T17_P3","T17_P3_3","Elateriospermum tapos","Species","A",46,36.1
"SimForest","T17","T17_P5","T17_P5_1","Eusideroxylon zwageri","Species","C",11.5,11.8
"SimForest","T17","T17_P2","T17_P2_2","Eusideroxylon zwageri","Species","C",14.7,12.4
"SimForest","T17","T17_P3","T17_P3_3","Eusideroxylon zwageri","Species","B",21.5,16.4
"SimForest","T17","T17_P3","T17_P3_1","Intsia palembanica","Species","B",19.7,15.3
"SimForest","T17","T17_P2","T17_P2_1","Macaranga gigantea","Species","C",14.9,14.2
"SimForest","T17","T17_P4","T17_P4_2","Macaranga gigantea","Species","C",13.4,12.4
"SimForest","T17","T17_P5","T17_P5_1","Mallotus paniculatus","Species","C",14.3,14.5
"SimForest","T17","T17_P1","T17_P1_2","Mallotus paniculatus","Species","A",35.3,25.6
"SimForest","T17","T17_P2","T17_P2_3","Mallotus paniculatus","Species","B",23.3,17.6
"SimForest","T17","T17_P3","T17_P3_1","Nephelium lappaceum","Species","C",8.5,9.6
"SimForest","T17","T17_P2","T17_P2_1","Vatica rassak","Species","C",14.6,12.7
"SimForest","T18","T18_P4","T18_P4_1","Shorea leprosula","Species","A",50.4,30.6
"SimForest","T18","T18_P2","T18_P2_2","Shorea leprosula","Species","B",21.9,16.2
"SimForest","T18","T18_P2","T18_P2_3","Shorea leprosula","Species","C",12,12.3
"SimForest","T18","T18_P2","T18_P2_1","Shorea parvifolia","Species","C",10.2,10.2
"SimForest","T18","T18_P4","T18_P4_2","Shorea parvifolia","Species","A",57.4,43.2
"SimForest","T18","T18_P5","T18_P5_3","Shorea parvifolia","Species","A",52.4,36.1
"SimForest","T18","T18_P4","T18_P4_4","Shorea parvifolia","Species","B",29.1,22.7
"SimForest","T18","T18_P4","T18_P4_1","Shorea acuminata","Species","B",28.3,21.8
"SimForest","T18","T18_P1","T18_P1_2","Shorea acuminata","Species","A",54,38.3
"SimForest","T18","T18_P2","T18_P2_3","Shorea acuminata","Species","C",6.9,9.7
"SimForest","T18","T18_P4","T18_P4_4","Shorea acuminata","Species","C",9,10.4
"SimForest","T18","T18_P4","T18_P4_5","Shorea acuminata","Species","A",72,52.4
"SimForest","T18","T18_P4","T18_P4_6","Shorea acuminata","Species","B",17.7,15.3
"SimForest","T18","T18_P3","T18_P3_7","Shorea acuminata","Species","C",15.3,15.6
"SimForest","T18","T18_P2","T18_P2_8","Shorea acuminata","Species","C",9.9,11.2
"SimForest","T18","T18_P5","T18_P5_9","Shorea acuminata","Species","C",7.3,9
"SimForest","T18","T18_P5","T18_P5_10","Shorea acuminata","Species","C",14.9,12.6
"SimForest","T18","T18_P2","T18_P2_1","Dipterocarpus alatus","Species","B",21.5,18.3
"SimForest","T18","T18_P3","T18_P3_2","Dipterocarpus alatus","Species","C",10.9,12
"SimForest","T18","T18_P4","T18_P4_3","Dipterocarpus alatus","Species","C",6.5,9.1
"SimForest","T18","T18_P1","T18_P1_4","Dipterocarpus alatus","Species","C",7.7,10
"SimForest","T18","T18_P2","T18_P2_1","Dipterocarpus caudatus","Species","C",11,11.8
"SimForest","T18","T18_P1","T18_P1_2","Dipterocarpus caudatus","Species","C",15.8,14.9
"SimForest","T18","T18_P1","T18_P1_3","Dipterocarpus caudatus","Species","C",10,11.8
"SimForest","T18","T18_P1","T18_P1_4","Dipterocarpus caudatus","Species","C",14.5,14.3
"SimForest","T18","T18_P3","T18_P3_5","Dipterocarpus caudatus","Species","C",6.6,8.6
"SimForest","T18","T18_P1","T18_P1_6","Dipterocarpus caudatus","Species","C",12.6,12.1
"SimForest","T18","T18_P5","T18_P5_1","Hopea nervosa","Species","C",8.7,9.7
"SimForest","T18","T18_P5","T18_P5_2","Hopea nervosa","Species","C",11.9,13.2
"SimForest","T18","T18_P2","T18_P2_3","Hopea nervosa","Species","C",9.6,10.1
"SimForest","T18","T18_P2","T18_P2_4","Hopea nervosa","Species","C",12.5,11.6
"SimForest","T18","T18_P1","T18_P1_1","Dryobalanops aromatica","Species","C",9.7,10.4
"SimForest","T18","T18_P5","T18_P5_2","Dryobalanops aromatica","Species","B",22.8,20.8
"SimForest","T18","T18_P2","T18_P2_3","Dryobalanops aromatica","Species","C",12.8,12.1
"SimForest","T18","T18_P3","T18_P3_4","Dryobalanops aromatica","Species","B",23.2,19.3
"SimForest","T18","T18_P5","T18_P5_5","Dryobalanops aromatica","Species","B",32.1,27.5
"SimForest","T18","T18_P5","T18_P5_6","Dryobalanops aromatica","Species","C",11.7,10.9
"SimForest","T18","T18_P4","T18_P4_7","Dryobalanops aromatica","Species","B",27.6,19.5
"SimForest","T18","T18_P4","T18_P4_8","Dryobalanops aromatica","Species","C",7.5,10.1
"SimForest","T18","T18_P2","T18_P2_1","Syzygium polyanthum","Species","C",9.1,10.4
"SimForest","T18","T18_P1","T18_P1_2","Syzygium polyanthum","Species","C",11.6,11.1
"SimForest","T18","T18_P3","T18_P3_3","Syzygium polyanthum","Species","C",11.7,12.6
"SimForest","T18","T18_P5","T18_P5_4","Syzygium polyanthum","Species","C",14.8,13.9
"SimForest","T18","T18_P4","T18_P4_5","Syzygium polyanthum","Species","C",10.3,11.9
"SimForest","T18","T18_P3","T18_P3_6","Syzygium polyanthum","Species","C",7.1,10
"SimForest","T18","T18_P5","T18_P5_7","Syzygium polyanthum","Species","A",36.7,29.9
"SimForest","T18","T18_P4","T18_P4_8","Syzygium polyanthum","Species","B",31.7,21.4
"SimForest","T18","T18_P5","T18_P5_9","Syzygium polyanthum","Species","C",12.9,12.9
"SimForest","T18","T18_P1","T18_P1_10","Syzygium polyanthum","Species","A",69.8,45.6
"SimForest","T18","T18_P1","T18_P1_11","Syzygium polyanthum","Species","C",14.2,14.9
"SimForest","T18","T18_P1","T18_P1_12","Syzygium polyanthum","Species","C",13,13
"SimForest","T18","T18_P3","T18_P3_13","Syzygium polyanthum","Species","C",9.7,9.9
"SimForest","T18","T18_P2","T18_P2_14","Syzygium polyanthum","Species","C",8.6,10.3
"SimForest","T18","T18_P3","T18_P3_1","Syzygium claviflorum","Species","C",13.3,12.4
"SimForest","T18","T18_P2","T18_P2_2","Syzygium claviflorum","Species","C",15.3,13
"SimForest","T18","T18_P3","T18_P3_3","Syzygium claviflorum","Species","C",15.5,15.6
"SimForest","T18","T18_P1","T18_P1_4","Syzygium claviflorum","Species","B",29.5,20.9
"SimForest","T18","T18_P3","T18_P3_1","Dacryodes rostrata","Species","C",11.8,11.8
"SimForest","T18","T18_P1","T18_P1_2","Dacryodes rostrata","Species","C",14.1,14.1
"SimForest","T18","T18_P2","T18_P2_3","Dacryodes rostrata","Species","C",14.9,13.2
"SimForest","T18","T18_P1","T18_P1_4","Dacryodes rostrata","Species","C",6.4,8.6
"SimForest","T18","T18_P3","T18_P3_5","Dacryodes rostrata","Species","C",15.7,15.6
"SimForest","T18","T18_P5","T18_P5_1","Diospyros macrophylla","Species","A",42.6,29
"SimForest","T18","T18_P1","T18_P1_1","Ficus benjamina","Species","A",44.8,30.8
"SimForest","T18","T18_P3","T18_P3_1","Artocarpus elasticus","Species","C",9.3,10.6
"SimForest","T18","T18_P3","T18_P3_2","Artocarpus elasticus","Species","A",48.1,31.5
"SimForest","T18","T18_P2","T18_P2_1","Durio zibethinus","Species","B",22.6,20.1
"SimForest","T18","T18_P4","T18_P4_2","Durio zibethinus","Species","A",36.7,24.1
"SimForest","T18","T18_P1","T18_P1_3","Durio zibethinus","Species","B",20.6,18.7
"SimForest","T18","T18_P2","T18_P2_4","Durio zibethinus","Species","C",12.2,11.7
"SimForest","T18","T18_P5","T18_P5_5","Durio zibethinus","Species","B",23.4,17.4
"SimForest","T18","T18_P3","T18_P3_6","Durio zibethinus","Species","B",22.8,17
"SimForest","T18","T18_P4","T18_P4_1","Koompassia excelsa","Species","C",15.2,14.2
"SimForest","T18","T18_P3","T18_P3_2","Koompassia excelsa","Species","C",12.9,13.4
"SimForest","T18","T18_P5","T18_P5_3","Koompassia excelsa","Species","C",11.2,12.2
"SimForest","T18","T18_P5","T18_P5_4","Koompassia excelsa","Species","C",8.5,10.1
"SimForest","T18","T18_P1","T18_P1_5","Koompassia excelsa","Species","A",61.5,38.6
"SimForest","T18","T18_P4","T18_P4_6","Koompassia excelsa","Species","C",13.5,12.6
"SimForest","T18","T18_P1","T18_P1_7","Koompassia excelsa","Species","B",23.1,20.7
"SimForest","T18","T18_P4","T18_P4_8","Koompassia excelsa","Species","B",19.6,17.8
"SimForest","T18","T18_P3","T18_P3_1","Dyera costulata","Species","C",11.4,11.9
"SimForest","T18","T18_P3","T18_P3_2","Dyera costulata","Species","C",15,13
"SimForest","T18","T18_P5","T18_P5_3","Dyera costulata","Species","C",12.9,13.7
"SimForest","T18","T18_P5","T18_P5_4","Dyera costulata","Species","B",31.1,22
"SimForest","T18","T18_P2","T18_P2_5","Dyera costulata","Species","C",11.5,11.3
"SimForest","T18","T18_P3","T18_P3_6","Dyera costulata","Species","B",23.6,17.3
"SimForest","T18","T18_P1","T18_P1_1","Palaquium rostratum","Species","C",10.7,10.8
"SimForest","T18","T18_P2","T18_P2_2","Palaquium rostratum","Species","B",28,23.6
"SimForest","T18","T18_P2","T18_P2_3","Palaquium rostratum","Species","C",10.9,12.4
"SimForest","T18","T18_P3","T18_P3_4","Palaquium rostratum","Species","C",14.5,14.9
"SimForest","T18","T18_P1","T18_P1_5","Palaquium rostratum","Species","C",13.9,13.6
"SimForest","T18","T18_P1","T18_P1_1","Santiria laevigata","Species","C",8.5,10
"SimForest","T18","T18_P1","T18_P1_2","Santiria laevigata","Species","B",24.4,21.4
"SimForest","T18","T18_P4","T18_P4_3","Santiria laevigata","Species","B",21.3,17.8
"SimForest","T18","T18_P5","T18_P5_4","Santiria laevigata","Species","B",18.7,15.6
"SimForest","T18","T18_P3","T18_P3_5","Santiria laevigata","Species","A",54.3,33
"SimForest","T18","T18_P1","T18_P1_6","Santiria laevigata","Species","C",15.8,13.2
"SimForest","T18","T18_P5","T18_P5_7","Santiria laevigata","Species","C",7.8,9.3
"SimForest","T18","T18_P3","T18_P3_8","Santiria laevigata","Species","C",9.8,10
"SimForest","T18","T18_P3","T18_P3_9","Santiria laevigata","Species","C",13.9,12.1
"SimForest","T18","T18_P1","T18_P1_10","Santiria laevigata","Species","A",70.8,44.2
"SimForest","T18","T18_P3","T18_P3_11","Santiria laevigata","Species","C",13.7,12.1
"SimForest","T18","T18_P4","T18_P4_12","Santiria laevigata","Species","B",27.7,19.2
"SimForest","T18","T18_P2","T18_P2_1","Aglaia argentea","Species","B",18.4,14.6
"SimForest","T18","T18_P4","T18_P4_2","Aglaia argentea","Species","B",29.7,22.1
"SimForest","T18","T18_P4","T18_P4_1","Knema laurina","Species","B",22.3,19.2
"SimForest","T18","T18_P4","T18_P4_2","Knema laurina","Species","C",13.2,12.8
"SimForest","T18","T18_P5","T18_P5_3","Knema laurina","Species","C",12.8,13.4
"SimForest","T18","T18_P1","T18_P1_1","Horsfieldia irya","Species","B",21.5,16.3
"SimForest","T18","T18_P1","T18_P1_2","Horsfieldia irya","Species","B",18.8,16.7
"SimForest","T18","T18_P2","T18_P2_3","Horsfieldia irya","Species","B",19.3,17.9
"SimForest","T18","T18_P1","T18_P1_4","Horsfieldia irya","Species","C",9.1,9.8
"SimForest","T18","T18_P1","T18_P1_5","Horsfieldia irya","Species","B",25.3,21.8
"SimForest","T18","T18_P1","T18_P1_6","Horsfieldia irya","Species","B",18.9,17.8
"SimForest","T18","T18_P1","T18_P1_7","Horsfieldia irya","Species","B",26.7,19.7
"SimForest","T18","T18_P5","T18_P5_8","Horsfieldia irya","Species","C",6.7,8.7
"SimForest","T18","T18_P2","T18_P2_9","Horsfieldia irya","Species","B",31.3,24.1
"SimForest","T18","T18_P4","T18_P4_1","Litsea firma","Species","A",42.3,33
"SimForest","T18","T18_P2","T18_P2_2","Litsea firma","Species","C",8.8,10.3
"SimForest","T18","T18_P5","T18_P5_3","Litsea firma","Species","A",40.7,27.5
"SimForest","T18","T18_P2","T18_P2_4","Litsea firma","Species","C",8.6,9.8
"SimForest","T18","T18_P1","T18_P1_5","Litsea firma","Species","B",31.2,23.2
"SimForest","T18","T18_P4","T18_P4_1","Baccaurea macrocarpa","Species","A",71,43.5
"SimForest","T18","T18_P2","T18_P2_2","Baccaurea macrocarpa","Species","B",27.3,21.4
"SimForest","T18","T18_P2","T18_P2_3","Baccaurea macrocarpa","Species","C",7.2,8.9
"SimForest","T18","T18_P5","T18_P5_4","Baccaurea macrocarpa","Species","C",9.6,11.6
"SimForest","T18","T18_P3","T18_P3_5","Baccaurea macrocarpa","Species","C",14.8,15.3
"SimForest","T18","T18_P5","T18_P5_6","Baccaurea macrocarpa","Species","B",26.3,19.6
"SimForest","T18","T18_P4","T18_P4_7","Baccaurea macrocarpa","Species","C",15.5,13.7
"SimForest","T18","T18_P3","T18_P3_8","Baccaurea macrocarpa","Species","C",6.9,9.6
"SimForest","T18","T18_P2","T18_P2_1","Garcinia parvifolia","Species","C",11.2,11.7
"SimForest","T18","T18_P4","T18_P4_2","Garcinia parvifolia","Species","C",11.5,12.6
"SimForest","T18","T18_P4","T18_P4_3","Garcinia parvifolia","Species","A",65.9,49.1
"SimForest","T18","T18_P3","T18_P3_4","Garcinia parvifolia","Species","A",56,43.6
"SimForest","T18","T18_P5","T18_P5_1","Alstonia scholaris","Species","B",26.8,20
"SimForest","T18","T18_P3","T18_P3_2","Alstonia scholaris","Species","C",10.4,12.2
"SimForest","T18","T18_P4","T18_P4_3","Alstonia scholaris","Species","B",19.7,16.5
"SimForest","T18","T18_P1","T18_P1_4","Alstonia scholaris","Species","B",31.6,23.6
"SimForest","T18","T18_P4","T18_P4_1","Calophyllum inophyllum","Species","A",37.5,25.5
"SimForest","T18","T18_P1","T18_P1_2","Calophyllum inophyllum","Species","C",11.3,10.9
"SimForest","T18","T18_P4","T18_P4_3","Calophyllum inophyllum","Species","C",9.3,10.4
"SimForest","T18","T18_P2","T18_P2_4","Calophyllum inophyllum","Species","C",15.7,15
"SimForest","T18","T18_P5","T18_P5_5","Calophyllum inophyllum","Species","C",9.1,10.2
"SimForest","T18","T18_P3","T18_P3_6","Calophyllum inophyllum","Species","C",11.5,11.7
"SimForest","T18","T18_P4","T18_P4_7","Calophyllum inophyllum","Species","C",6.5,8.8
"SimForest","T18","T18_P4","T18_P4_8","Calophyllum inophyllum","Species","A",64.9,42.4
"SimForest","T18","T18_P2","T18_P2_9","Calophyllum inophyllum","Species","C",11.2,11.3
"SimForest","T18","T18_P5","T18_P5_10","Calophyllum inophyllum","Species","C",12.3,13.1
"SimForest","T18","T18_P2","T18_P2_1","Elateriospermum tapos","Species","A",58.7,45.4
"SimForest","T18","T18_P4","T18_P4_2","Elateriospermum tapos","Species","A",36.8,28.7
"SimForest","T18","T18_P2","T18_P2_3","Elateriospermum tapos","Species","C",15.5,13.6
"SimForest","T18","T18_P2","T18_P2_4","Elateriospermum tapos","Species","C",10.4,11.1
"SimForest","T18","T18_P5","T18_P5_5","Elateriospermum tapos","Species","A",61.5,41.2
"SimForest","T18","T18_P1","T18_P1_6","Elateriospermum tapos","Species","C",16,13.7
"SimForest","T18","T18_P2","T18_P2_1","Eusideroxylon zwageri","Species","C",7.6,9.1
"SimForest","T18","T18_P3","T18_P3_2","Eusideroxylon zwageri","Species","C",11,10.5
"SimForest","T18","T18_P4","T18_P4_3","Eusideroxylon zwageri","Species","B",28.7,23.9
"SimForest","T18","T18_P5","T18_P5_4","Eusideroxylon zwageri","Species","C",14.5,12.5
"SimForest","T18","T18_P1","T18_P1_1","Intsia palembanica","Species","C",7.2,9.6
"SimForest","T18","T18_P3","T18_P3_2","Intsia palembanica","Species","B",18,14.1
"SimForest","T18","T18_P5","T18_P5_1","Macaranga gigantea","Species","A",47.8,35.2
"SimForest","T18","T18_P2","T18_P2_2","Macaranga gigantea","Species","B",24.6,17.8
"SimForest","T18","T18_P4","T18_P4_1","Mallotus paniculatus","Species","A",41.3,26.8
"SimForest","T18","T18_P4","T18_P4_2","Mallotus paniculatus","Species","A",53.5,34.9
"SimForest","T18","T18_P1","T18_P1_3","Mallotus paniculatus","Species","A",48.1,33.8
"SimForest","T18","T18_P5","T18_P5_4","Mallotus paniculatus","Species","A",67.3,40.9
"SimForest","T18","T18_P1","T18_P1_5","Mallotus paniculatus","Species","B",22.3,19.6
"SimForest","T18","T18_P5","T18_P5_6","Mallotus paniculatus","Species","C",10.5,11.4
"SimForest","T18","T18_P4","T18_P4_7","Mallotus paniculatus","Species","C",9.8,10
"SimForest","T18","T18_P5","T18_P5_8","Mallotus paniculatus","Species","C",14.8,14.6
"SimForest","T18","T18_P4","T18_P4_9","Mallotus paniculatus","Species","B",18.4,15.2
"SimForest","T18","T18_P5","T18_P5_1","Nephelium lappaceum","Species","C",13,14
"SimForest","T18","T18_P2","T18_P2_2","Nephelium lappaceum","Species","C",6.8,8.6
"SimForest","T18","T18_P1","T18_P1_3","Nephelium lappaceum","Species","A",70.1,40.6
"SimForest","T18","T18_P1","T18_P1_4","Nephelium lappaceum","Species","C",7.2,8.8
"SimForest","T18","T18_P1","T18_P1_1","Parkia speciosa","Species","C",15,13
"SimForest","T18","T18_P1","T18_P1_2","Parkia speciosa","Species","B",19.7,18
"SimForest","T18","T18_P5","T18_P5_3","Parkia speciosa","Species","B",24.4,20.9
"SimForest","T18","T18_P5","T18_P5_4","Parkia speciosa","Species","C",8.2,10.2
"SimForest","T18","T18_P4","T18_P4_5","Parkia speciosa","Species","C",10.6,12.1
"SimForest","T18","T18_P1","T18_P1_6","Parkia speciosa","Species","C",7.4,9.8
"SimForest","T18","T18_P5","T18_P5_7","Parkia speciosa","Species","C",11.1,12.6
"SimForest","T18","T18_P3","T18_P3_1","Vatica rassak","Species","C",12.4,11.6
"SimForest","T18","T18_P2","T18_P2_2","Vatica rassak","Species","A",62.1,38.3
"SimForest","T18","T18_P2","T18_P2_3","Vatica rassak","Species","B",18.9,17.1
"SimForest","T18","T18_P3","T18_P3_4","Vatica rassak","Species","C",7.1,8.9
"SimForest","T18","T18_P5","T18_P5_5","Vatica rassak","Species","B",25.3,22.4
"SimForest","T18","T18_P5","T18_P5_6","Vatica rassak","Species","B",18.2,16.6
"SimForest","T18","T18_P4","T18_P4_7","Vatica rassak","Species","B",23.5,18.3
"SimForest","T18","T18_P2","T18_P2_8","Vatica rassak","Species","C",14,13.9
"SimForest","T19","T19_P1","T19_P1_1","Shorea leprosula","Species","C",8,10.1
"SimForest","T19","T19_P5","T19_P5_2","Shorea leprosula","Species","C",13.2,13.3
"SimForest","T19","T19_P3","T19_P3_1","Shorea parvifolia","Species","B",28.1,22.7
"SimForest","T19","T19_P1","T19_P1_1","Shorea acuminata","Species","C",12.7,13.1
"SimForest","T19","T19_P2","T19_P2_2","Shorea acuminata","Species","C",7.6,9.4
"SimForest","T19","T19_P3","T19_P3_3","Shorea acuminata","Species","B",27.4,19.5
"SimForest","T19","T19_P4","T19_P4_4","Shorea acuminata","Species","C",12,13.4
"SimForest","T19","T19_P4","T19_P4_5","Shorea acuminata","Species","C",8.4,10.3
"SimForest","T19","T19_P5","T19_P5_1","Dipterocarpus alatus","Species","B",25.3,21.6
"SimForest","T19","T19_P1","T19_P1_2","Dipterocarpus alatus","Species","C",10.2,11.7
"SimForest","T19","T19_P5","T19_P5_3","Dipterocarpus alatus","Species","C",8.7,10.6
"SimForest","T19","T19_P3","T19_P3_1","Dipterocarpus caudatus","Species","B",28.1,23.9
"SimForest","T19","T19_P3","T19_P3_1","Hopea nervosa","Species","C",11.6,12
"SimForest","T19","T19_P5","T19_P5_1","Dryobalanops aromatica","Species","A",65.1,37.6
"SimForest","T19","T19_P4","T19_P4_2","Dryobalanops aromatica","Species","C",13.8,12.5
"SimForest","T19","T19_P5","T19_P5_1","Syzygium claviflorum","Species","B",24.7,18
"SimForest","T19","T19_P2","T19_P2_1","Dacryodes rostrata","Species","C",11,11.3
"SimForest","T19","T19_P2","T19_P2_2","Dacryodes rostrata","Species","C",8.6,10
"SimForest","T19","T19_P4","T19_P4_3","Dacryodes rostrata","Species","B",21,17.9
"SimForest","T19","T19_P2","T19_P2_4","Dacryodes rostrata","Species","C",14.1,13
"SimForest","T19","T19_P1","T19_P1_5","Dacryodes rostrata","Species","C",9.6,10.2
"SimForest","T19","T19_P4","T19_P4_6","Dacryodes rostrata","Species","C",6.9,8.5
"SimForest","T19","T19_P4","T19_P4_7","Dacryodes rostrata","Species","A",58.2,37
"SimForest","T19","T19_P2","T19_P2_8","Dacryodes rostrata","Species","C",14.8,13.3
"SimForest","T19","T19_P5","T19_P5_1","Diospyros macrophylla","Species","C",13.2,11.9
"SimForest","T19","T19_P4","T19_P4_2","Diospyros macrophylla","Species","C",14.5,12.4
"SimForest","T19","T19_P4","T19_P4_1","Ficus benjamina","Species","A",69,53.1
"SimForest","T19","T19_P5","T19_P5_1","Ficus variegata","Species","C",6.1,8.9
"SimForest","T19","T19_P2","T19_P2_1","Durio zibethinus","Species","C",13.4,14.2
"SimForest","T19","T19_P3","T19_P3_2","Durio zibethinus","Species","C",11.4,11.1
"SimForest","T19","T19_P1","T19_P1_3","Durio zibethinus","Species","B",17,16.4
"SimForest","T19","T19_P2","T19_P2_4","Durio zibethinus","Species","A",58.5,40.8
"SimForest","T19","T19_P1","T19_P1_5","Durio zibethinus","Species","B",24.4,21.1
"SimForest","T19","T19_P3","T19_P3_1","Koompassia excelsa","Species","C",12.6,13.2
"SimForest","T19","T19_P5","T19_P5_2","Koompassia excelsa","Species","C",15,14.5
"SimForest","T19","T19_P1","T19_P1_3","Koompassia excelsa","Species","C",7.7,9.4
"SimForest","T19","T19_P3","T19_P3_4","Koompassia excelsa","Species","C",9.2,11
"SimForest","T19","T19_P5","T19_P5_5","Koompassia excelsa","Species","C",10.7,11
"SimForest","T19","T19_P4","T19_P4_1","Dyera costulata","Species","C",7.5,8.8
"SimForest","T19","T19_P5","T19_P5_2","Dyera costulata","Species","C",5.8,8.2
"SimForest","T19","T19_P2","T19_P2_3","Dyera costulata","Species","B",27.8,20
"SimForest","T19","T19_P2","T19_P2_1","Palaquium rostratum","Species","C",11.2,11.1
"SimForest","T19","T19_P5","T19_P5_1","Santiria laevigata","Species","C",10.7,11.6
"SimForest","T19","T19_P1","T19_P1_1","Aglaia argentea","Species","B",25.2,21.1
"SimForest","T19","T19_P3","T19_P3_1","Knema laurina","Species","B",28.8,20.3
"SimForest","T19","T19_P5","T19_P5_2","Knema laurina","Species","C",14.5,14.5
"SimForest","T19","T19_P3","T19_P3_3","Knema laurina","Species","C",14.1,12.8
"SimForest","T19","T19_P2","T19_P2_1","Horsfieldia irya","Species","C",6.2,9.1
"SimForest","T19","T19_P1","T19_P1_2","Horsfieldia irya","Species","C",8.9,9.5
"SimForest","T19","T19_P2","T19_P2_3","Horsfieldia irya","Species","C",6.7,8.8
"SimForest","T19","T19_P1","T19_P1_4","Horsfieldia irya","Species","B",19.1,17.9
"SimForest","T19","T19_P2","T19_P2_1","Litsea firma","Species","C",13.1,11.8
"SimForest","T19","T19_P5","T19_P5_2","Litsea firma","Species","A",46,28.5
"SimForest","T19","T19_P1","T19_P1_3","Litsea firma","Species","C",14.7,15.2
"SimForest","T19","T19_P4","T19_P4_4","Litsea firma","Species","C",6.3,9.3
"SimForest","T19","T19_P4","T19_P4_5","Litsea firma","Species","A",68.4,39.5
"SimForest","T19","T19_P2","T19_P2_1","Baccaurea macrocarpa","Species","C",14.5,14
"SimForest","T19","T19_P1","T19_P1_2","Baccaurea macrocarpa","Species","C",14.5,14.6
"SimForest","T19","T19_P2","T19_P2_3","Baccaurea macrocarpa","Species","C",6,8.9
"SimForest","T19","T19_P3","T19_P3_4","Baccaurea macrocarpa","Species","A",71.7,43.7
"SimForest","T19","T19_P5","T19_P5_5","Baccaurea macrocarpa","Species","C",13.5,12.6
"SimForest","T19","T19_P3","T19_P3_6","Baccaurea macrocarpa","Species","C",8,9.3
"SimForest","T19","T19_P5","T19_P5_1","Garcinia parvifolia","Species","C",10.2,11.7
"SimForest","T19","T19_P5","T19_P5_2","Garcinia parvifolia","Species","C",10.2,12
"SimForest","T19","T19_P1","T19_P1_3","Garcinia parvifolia","Species","A",45.5,35.5
"SimForest","T19","T19_P3","T19_P3_1","Alstonia scholaris","Species","C",11.4,12
"SimForest","T19","T19_P4","T19_P4_1","Calophyllum inophyllum","Species","C",7.4,9.2
"SimForest","T19","T19_P2","T19_P2_2","Calophyllum inophyllum","Species","B",27.6,23.8
"SimForest","T19","T19_P4","T19_P4_1","Elateriospermum tapos","Species","C",14.4,14.6
"SimForest","T19","T19_P5","T19_P5_2","Elateriospermum tapos","Species","C",8.5,10
"SimForest","T19","T19_P3","T19_P3_3","Elateriospermum tapos","Species","A",35.3,26.7
"SimForest","T19","T19_P1","T19_P1_4","Elateriospermum tapos","Species","A",70.6,43.4
"SimForest","T19","T19_P4","T19_P4_1","Eusideroxylon zwageri","Species","B",18.1,14.6
"SimForest","T19","T19_P1","T19_P1_2","Eusideroxylon zwageri","Species","B",22.2,17.8
"SimForest","T19","T19_P5","T19_P5_3","Eusideroxylon zwageri","Species","B",23.7,17.6
"SimForest","T19","T19_P5","T19_P5_4","Eusideroxylon zwageri","Species","A",38.2,31.4
"SimForest","T19","T19_P5","T19_P5_5","Eusideroxylon zwageri","Species","B",20.9,19
"SimForest","T19","T19_P3","T19_P3_1","Macaranga gigantea","Species","B",22.5,18.9
"SimForest","T19","T19_P4","T19_P4_1","Mallotus paniculatus","Species","B",20,18
"SimForest","T19","T19_P4","T19_P4_2","Mallotus paniculatus","Species","C",9,9.8
"SimForest","T19","T19_P3","T19_P3_3","Mallotus paniculatus","Species","B",26.5,19.3
"SimForest","T19","T19_P1","T19_P1_4","Mallotus paniculatus","Species","B",19.4,15.4
"SimForest","T19","T19_P3","T19_P3_1","Parkia speciosa","Species","A",36.8,25
"SimForest","T19","T19_P4","T19_P4_2","Parkia speciosa","Species","B",17.7,14.9
"SimForest","T19","T19_P3","T19_P3_3","Parkia speciosa","Species","C",11.6,12.7
"SimForest","T19","T19_P4","T19_P4_4","Parkia speciosa","Species","C",8.8,9.8
"SimForest","T19","T19_P5","T19_P5_1","Vatica rassak","Species","B",22.3,19
"SimForest","T19","T19_P5","T19_P5_2","Vatica rassak","Species","A",46.6,35.7
"SimForest","T20","T20_P4","T20_P4_1","Shorea leprosula","Species","C",8.1,10.6
"SimForest","T20","T20_P1","T20_P1_2","Shorea leprosula","Species","A",36.9,24.9
"SimForest","T20","T20_P2","T20_P2_3","Shorea leprosula","Species","C",15.1,12.6
"SimForest","T20","T20_P3","T20_P3_4","Shorea leprosula","Species","B",26.6,19.3
"SimForest","T20","T20_P3","T20_P3_5","Shorea leprosula","Species","B",27.3,22.1
"SimForest","T20","T20_P1","T20_P1_1","Shorea parvifolia","Species","C",10.9,11.9
"SimForest","T20","T20_P2","T20_P2_2","Shorea parvifolia","Species","A",57.8,42.8
"SimForest","T20","T20_P3","T20_P3_3","Shorea parvifolia","Species","C",13.7,12.2
"SimForest","T20","T20_P3","T20_P3_1","Shorea acuminata","Species","C",13.8,12.4
"SimForest","T20","T20_P5","T20_P5_2","Shorea acuminata","Species","B",29.7,20.5
"SimForest","T20","T20_P3","T20_P3_1","Dipterocarpus caudatus","Species","C",14.1,13.9
"SimForest","T20","T20_P1","T20_P1_2","Dipterocarpus caudatus","Species","C",8.9,10.6
"SimForest","T20","T20_P5","T20_P5_1","Hopea nervosa","Species","B",27.5,21.8
"SimForest","T20","T20_P1","T20_P1_2","Hopea nervosa","Species","A",71.8,54.1
"SimForest","T20","T20_P3","T20_P3_1","Dryobalanops aromatica","Species","C",7.6,9
"SimForest","T20","T20_P5","T20_P5_2","Dryobalanops aromatica","Species","B",29.1,21.3
"SimForest","T20","T20_P1","T20_P1_3","Dryobalanops aromatica","Species","C",6.9,8.5
"SimForest","T20","T20_P1","T20_P1_1","Syzygium polyanthum","Species","C",8.3,10.8
"SimForest","T20","T20_P5","T20_P5_2","Syzygium polyanthum","Species","B",20.3,17.6
"SimForest","T20","T20_P3","T20_P3_3","Syzygium polyanthum","Species","C",14,12.3
"SimForest","T20","T20_P4","T20_P4_4","Syzygium polyanthum","Species","C",12,12.7
"SimForest","T20","T20_P1","T20_P1_5","Syzygium polyanthum","Species","C",5.7,7.9
"SimForest","T20","T20_P2","T20_P2_1","Syzygium claviflorum","Species","C",7.6,9.7
"SimForest","T20","T20_P1","T20_P1_2","Syzygium claviflorum","Species","A",70.4,44.3
"SimForest","T20","T20_P4","T20_P4_3","Syzygium claviflorum","Species","B",24,19.7
"SimForest","T20","T20_P5","T20_P5_1","Dacryodes rostrata","Species","C",6.2,8.9
"SimForest","T20","T20_P3","T20_P3_2","Dacryodes rostrata","Species","A",37.7,27.4
"SimForest","T20","T20_P1","T20_P1_1","Diospyros macrophylla","Species","C",7.6,10
"SimForest","T20","T20_P5","T20_P5_2","Diospyros macrophylla","Species","B",21.3,16
"SimForest","T20","T20_P4","T20_P4_1","Artocarpus elasticus","Species","C",11.7,12.9
"SimForest","T20","T20_P4","T20_P4_1","Durio zibethinus","Species","C",6.8,9.1
"SimForest","T20","T20_P4","T20_P4_2","Durio zibethinus","Species","A",47.9,37.3
"SimForest","T20","T20_P1","T20_P1_3","Durio zibethinus","Species","B",25.2,21.9
"SimForest","T20","T20_P2","T20_P2_4","Durio zibethinus","Species","C",15.1,13.2
"SimForest","T20","T20_P4","T20_P4_1","Koompassia excelsa","Species","A",63.9,39.7
"SimForest","T20","T20_P2","T20_P2_2","Koompassia excelsa","Species","C",10.3,11.1
"SimForest","T20","T20_P3","T20_P3_1","Palaquium rostratum","Species","A",51.5,40.7
"SimForest","T20","T20_P5","T20_P5_1","Santiria laevigata","Species","C",7,9.9
"SimForest","T20","T20_P3","T20_P3_2","Santiria laevigata","Species","C",14.4,12.4
"SimForest","T20","T20_P3","T20_P3_3","Santiria laevigata","Species","A",54.4,36.3
"SimForest","T20","T20_P3","T20_P3_4","Santiria laevigata","Species","B",27.5,22.6
"SimForest","T20","T20_P2","T20_P2_5","Santiria laevigata","Species","B",28.7,19.6
"SimForest","T20","T20_P2","T20_P2_1","Knema laurina","Species","C",6.5,8.7
"SimForest","T20","T20_P4","T20_P4_1","Litsea firma","Species","C",13,11.6
"SimForest","T20","T20_P4","T20_P4_2","Litsea firma","Species","A",46.2,31.3
"SimForest","T20","T20_P4","T20_P4_3","Litsea firma","Species","C",13.2,13.8
"SimForest","T20","T20_P3","T20_P3_4","Litsea firma","Species","C",13.1,13.3
"SimForest","T20","T20_P3","T20_P3_5","Litsea firma","Species","C",15.1,15.2
"SimForest","T20","T20_P3","T20_P3_6","Litsea firma","Species","C",9.6,10.1
"SimForest","T20","T20_P3","T20_P3_7","Litsea firma","Species","B",23.4,19.6
"SimForest","T20","T20_P1","T20_P1_8","Litsea firma","Species","C",15.5,14.8
"SimForest","T20","T20_P4","T20_P4_1","Baccaurea macrocarpa","Species","B",19.9,15.5
"SimForest","T20","T20_P4","T20_P4_2","Baccaurea macrocarpa","Species","C",11,12.2
"SimForest","T20","T20_P2","T20_P2_3","Baccaurea macrocarpa","Species","B",20.7,18.7
"SimForest","T20","T20_P5","T20_P5_4","Baccaurea macrocarpa","Species","C",9.2,10.7
"SimForest","T20","T20_P2","T20_P2_5","Baccaurea macrocarpa","Species","C",9.6,11.5
"SimForest","T20","T20_P4","T20_P4_6","Baccaurea macrocarpa","Species","B",23.1,16.8
"SimForest","T20","T20_P2","T20_P2_7","Baccaurea macrocarpa","Species","C",14.2,12.5
"SimForest","T20","T20_P5","T20_P5_1","Garcinia parvifolia","Species","A",33.5,27.3
"SimForest","T20","T20_P4","T20_P4_2","Garcinia parvifolia","Species","C",8,9.4
"SimForest","T20","T20_P1","T20_P1_3","Garcinia parvifolia","Species","C",7.9,10.3
"SimForest","T20","T20_P3","T20_P3_1","Alstonia scholaris","Species","C",10,11.2
"SimForest","T20","T20_P1","T20_P1_1","Calophyllum inophyllum","Species","C",14.5,14.8
"SimForest","T20","T20_P1","T20_P1_2","Calophyllum inophyllum","Species","B",22.6,18.6
"SimForest","T20","T20_P1","T20_P1_1","Elateriospermum tapos","Species","B",26,18.8
"SimForest","T20","T20_P3","T20_P3_2","Elateriospermum tapos","Species","B",19.8,18
"SimForest","T20","T20_P2","T20_P2_1","Eusideroxylon zwageri","Species","C",10.3,12
"SimForest","T20","T20_P2","T20_P2_2","Eusideroxylon zwageri","Species","A",65,44.3
"SimForest","T20","T20_P5","T20_P5_3","Eusideroxylon zwageri","Species","B",21,15.9
"SimForest","T20","T20_P3","T20_P3_1","Macaranga gigantea","Species","B",18.2,14.5
"SimForest","T20","T20_P4","T20_P4_2","Macaranga gigantea","Species","C",10.3,10.7
"SimForest","T20","T20_P4","T20_P4_3","Macaranga gigantea","Species","C",11,10.7
"SimForest","T20","T20_P3","T20_P3_4","Macaranga gigantea","Species","B",24.9,21.1
"SimForest","T20","T20_P5","T20_P5_5","Macaranga gigantea","Species","C",7.1,9.4
"SimForest","T20","T20_P3","T20_P3_1","Mallotus paniculatus","Species","C",12,13.3
"SimForest","T20","T20_P5","T20_P5_2","Mallotus paniculatus","Species","A",44.7,30.4
"SimForest","T20","T20_P5","T20_P5_3","Mallotus paniculatus","Species","C",8.9,11.1
"SimForest","T20","T20_P3","T20_P3_4","Mallotus paniculatus","Species","C",7.1,9.1
"SimForest","T20","T20_P1","T20_P1_5","Mallotus paniculatus","Species","A",59.6,36.5
"SimForest","T20","T20_P2","T20_P2_6","Mallotus paniculatus","Species","C",11.7,12.2
"SimForest","T20","T20_P3","T20_P3_1","Nephelium lappaceum","Species","C",7.1,8.7
"SimForest","T20","T20_P4","T20_P4_2","Nephelium lappaceum","Species","B",17.3,16.5
"SimForest","T20","T20_P5","T20_P5_3","Nephelium lappaceum","Species","A",45.8,34.6
"SimForest","T20","T20_P5","T20_P5_4","Nephelium lappaceum","Species","B",30.2,26.1
"SimForest","T20","T20_P3","T20_P3_1","Parkia speciosa","Species","C",10.5,10.8
"SimForest","T20","T20_P4","T20_P4_2","Parkia speciosa","Species","C",7.2,9.3
"SimForest","T20","T20_P3","T20_P3_3","Parkia speciosa","Species","C",10.1,10.6
"SimForest","T20","T20_P3","T20_P3_1","Vatica rassak","Species","B",23,18.4
"SimForest","T20","T20_P5","T20_P5_2","Vatica rassak","Species","C",11.9,11
"SimForest","T20","T20_P2","T20_P2_3","Vatica rassak","Species","C",6.1,8.1
